{
    "EMRi": 0.999387129724247,
    "TMRi": 0.0,
    "TMRa": 0.0,
    "EMRi_norm": 0.0002041648886055663,
    "TMRi_norm": 0.0
}