{"LogisticRegression": {"accuracy": {"value": 0.35468564650059314}, "precision": {"macro": 0.3869484040693565, "weighted": 0.23307808590667192}, "recall": {"macro": 0.3832001942959492, "weighted": 0.35468564650059314}, "f1": {"macro": 0.41391563334037623, "weighted": 0.3166184785418968}}, "KNeighborsClassifier": {"accuracy": {"value": 0.36895674300254444}, "precision": {"macro": 0.3792582786386269, "weighted": 0.36165473356937095}, "recall": {"macro": 0.38298761879250615, "weighted": 0.3689567430025446}, "f1": {"macro": 0.3816084372925271, "weighted": 0.3657575122237011}}, "SVC": {"accuracy": {"value": 0.34499396863691184}, "precision": {"macro": 0.3922318677396817, "weighted": 0.10661474311821452}, "recall": {"macro": 0.3806344035352251, "weighted": 0.34499396863691184}, "f1": {"macro": 0.450427106195849, "weighted": 0.2696375977657209}}, "RandomForestClassifier": {"accuracy": {"value": 0.001821493624772348}, "precision": {"macro": 0.0028268192359125156, "weighted": 0.0048914565891369916}, "recall": {"macro": 0.47190041720163556, "weighted": 0.001821493624772348}, "f1": {"macro": 0.012814741930054534, "weighted": 0.002883591920057757}}}