{"LogisticRegression": {"accuracy": {"value": 55.566905005107245}, "precision": {"macro": 52.36751810903546, "weighted": 66.37491788091282}, "recall": {"macro": 53.254148471615714, "weighted": 55.566905005107245}, "f1": {"macro": 50.2517986872124, "weighted": 58.905456161034934}}, "KNeighborsClassifier": {"accuracy": {"value": 50.663942798774265}, "precision": {"macro": 49.457787944253816, "weighted": 51.41398867469454}, "recall": {"macro": 49.44419838643844, "weighted": 50.66394279877425}, "f1": {"macro": 49.37860304783723, "weighted": 50.96879902175291}}, "SVC": {"accuracy": {"value": 55.464759959141986}, "precision": {"macro": 51.217859109586136, "weighted": 75.73568166122365}, "recall": {"macro": 52.363959282343075, "weighted": 55.464759959141986}, "f1": {"macro": 46.378537546229296, "weighted": 61.867953917621385}}, "RandomForestClassifier": {"accuracy": {"value": 55.975485188968335}, "precision": {"macro": 49.90892531876138, "weighted": 99.71589164810752}, "recall": {"macro": 28.016359918200408, "weighted": 55.975485188968335}, "f1": {"macro": 35.88736083824492, "weighted": 71.70140735404196}}}