{"LogisticRegression": {"accuracy": {"value": 86.10827374872318}, "precision": {"macro": 85.42106154954038, "weighted": 86.54716557341135}, "recall": {"macro": 86.33943781942078, "weighted": 86.10827374872318}, "f1": {"macro": 85.74157842431718, "weighted": 86.19702803106348}}, "KNeighborsClassifier": {"accuracy": {"value": 80.28600612870275}, "precision": {"macro": 79.67530817130512, "weighted": 80.54260190912194}, "recall": {"macro": 80.13485611046588, "weighted": 80.28600612870275}, "f1": {"macro": 79.85005945366615, "weighted": 80.36169131534106}}, "SVC": {"accuracy": {"value": 84.67824310520939}, "precision": {"macro": 84.27203795484391, "weighted": 84.77382078764833}, "recall": {"macro": 84.54450744637245, "weighted": 84.67824310520939}, "f1": {"macro": 84.39014745650287, "weighted": 84.70856896296797}}, "RandomForestClassifier": {"accuracy": {"value": 56.07763023493361}, "precision": {"macro": 50.050408777057655, "weighted": 99.23050991653287}, "recall": {"macro": 53.051282051282044, "weighted": 56.07763023493361}, "f1": {"macro": 36.35321794453112, "weighted": 71.49524424541333}}}