{"overall": {"accuracy": {"value": 0.26761446294120544}, "precision": {"macro": 0.2903163424208944, "weighted": 0.1765597547958486}, "recall": {"macro": 0.40468065845632906, "weighted": 0.26761446294120544}, "f1": {"macro": 0.31469147968970174, "weighted": 0.23872429511284413}}}