{"LogisticRegression": {"accuracy": {"value": 0.416267942583732}, "precision": {"macro": 0.43677992020283035, "weighted": 0.3595232525562022}, "recall": {"macro": 0.44601972966509995, "weighted": 0.416267942583732}, "f1": {"macro": 0.4510826095392416, "weighted": 0.3965488985930617}}, "KNeighborsClassifier": {"accuracy": {"value": 0.37596899224806196}, "precision": {"macro": 0.3846927605692139, "weighted": 0.36929044006808764}, "recall": {"macro": 0.38831023990777164, "weighted": 0.37596899224806196}, "f1": {"macro": 0.38693297763950424, "weighted": 0.37303426485657004}}, "SVC": {"accuracy": {"value": 0.42617046818727494}, "precision": {"macro": 0.4560915654094011, "weighted": 0.3024475710667281}, "recall": {"macro": 0.47855028110428544, "weighted": 0.42617046818727494}, "f1": {"macro": 0.49017765895608195, "weighted": 0.3837324137476596}}, "RandomForestClassifier": {"accuracy": {"value": 0.020146520146520273}, "precision": {"macro": 0.01876436155046063, "weighted": 0.04251508918625286}, "recall": {"macro": 0.35869784948991934, "weighted": 0.020146520146520273}, "f1": {"macro": 0.0025369822439343073, "weighted": 0.031145359555587313}}}