{"overall": {"accuracy": {"value": 0.3096384807913973}, "precision": {"macro": 0.3240821519329765, "weighted": 0.2684440882193177}, "recall": {"macro": 0.4178945250417691, "weighted": 0.3096384807913973}, "f1": {"macro": 0.3326825570946905, "weighted": 0.29611523418821967}}}