{"LogisticRegression": {"accuracy": {"value": 49.84678243105209}, "precision": {"macro": 47.76027674996198, "weighted": 54.95579634175872}, "recall": {"macro": 47.42058666147784, "weighted": 49.84678243105209}, "f1": {"macro": 46.69654035220786, "weighted": 51.58073920554197}}, "KNeighborsClassifier": {"accuracy": {"value": 49.33605720122574}, "precision": {"macro": 48.31677564330005, "weighted": 50.02192890375519}, "recall": {"macro": 48.2793609671848, "weighted": 49.33605720122574}, "f1": {"macro": 48.23154142039591, "weighted": 49.614117118078}}, "SVC": {"accuracy": {"value": 48.825331971399386}, "precision": {"macro": 45.93555172588575, "weighted": 59.68226336108612}, "recall": {"macro": 44.49639670555937, "weighted": 48.825331971399386}, "f1": {"macro": 43.20379074477435, "weighted": 52.493935174489096}}, "RandomForestClassifier": {"accuracy": {"value": 54.64759959141981}, "precision": {"macro": 49.421536823964715, "weighted": 95.08853390406297}, "recall": {"macro": 43.49529780564263, "weighted": 54.64759959141981}, "f1": {"macro": 36.728384279475975, "weighted": 68.88666895638093}}}