{"LogisticRegression": {"accuracy": {"value": 85.39325842696628}, "precision": {"macro": 84.79860442326863, "weighted": 85.80451446690674}, "recall": {"macro": 85.59977530031976, "weighted": 85.39325842696628}, "f1": {"macro": 85.07025130504798, "weighted": 85.4762533124592}}, "KNeighborsClassifier": {"accuracy": {"value": 79.06026557711951}, "precision": {"macro": 78.52463378782502, "weighted": 79.31056080576178}, "recall": {"macro": 78.92785545389123, "weighted": 79.06026557711951}, "f1": {"macro": 78.67254257893322, "weighted": 79.13369796313965}}, "SVC": {"accuracy": {"value": 85.08682328907048}, "precision": {"macro": 84.45456772602091, "weighted": 85.55953772873372}, "recall": {"macro": 85.33209453020774, "weighted": 85.08682328907048}, "f1": {"macro": 84.7428354283372, "weighted": 85.18042542804552}}, "RandomForestClassifier": {"accuracy": {"value": 55.7711950970378}, "precision": {"macro": 50.36663456502273, "weighted": 99.31073882224331}, "recall": {"macro": 67.82340862422997, "weighted": 55.7711950970378}, "f1": {"macro": 36.63544081662549, "weighted": 71.10113951127146}}}