{
    "EMRi": 68.78568266938744,
    "TMRi": 51.0,
    "TMRa": 0.05024630541871921,
    "EMRi_norm": 0.014052233436034206,
    "TMRi_norm": 0.010418794688457609
}