{"LogisticRegression": {"accuracy": {"value": 85.39325842696628}, "precision": {"macro": 84.79860442326863, "weighted": 85.80451446690674}, "recall": {"macro": 85.59977530031976, "weighted": 85.39325842696628}, "f1": {"macro": 85.07025130504798, "weighted": 85.4762533124592}}, "KNeighborsClassifier": {"accuracy": {"value": 79.46884576098059}, "precision": {"macro": 78.87036004528021, "weighted": 79.81563187662006}, "recall": {"macro": 79.40164322278143, "weighted": 79.46884576098059}, "f1": {"macro": 79.05262631241104, "weighted": 79.5623443327607}}, "SVC": {"accuracy": {"value": 85.08682328907048}, "precision": {"macro": 84.45456772602091, "weighted": 85.55953772873372}, "recall": {"macro": 85.33209453020774, "weighted": 85.08682328907048}, "f1": {"macro": 84.7428354283372, "weighted": 85.18042542804552}}, "RandomForestClassifier": {"accuracy": {"value": 56.38406537282942}, "precision": {"macro": 51.03211009174312, "weighted": 99.09967107420978}, "recall": {"macro": 77.98969072164948, "weighted": 56.38406537282942}, "f1": {"macro": 37.911434236615996, "weighted": 71.15525169335963}}}