{"LogisticRegression": {"accuracy": {"value": 0.013157894736842025}, "precision": {"macro": 0.011411692626482556, "weighted": 0.015785058681373067}, "recall": {"macro": 0.015869205354530277, "weighted": 0.013157894736842025}, "f1": {"macro": 0.012678148961225134, "weighted": 0.013561531823035346}}, "KNeighborsClassifier": {"accuracy": {"value": 0.012853470437018061}, "precision": {"macro": 0.013107581242904027, "weighted": 0.0127079724742214}, "recall": {"macro": 0.01325947395508854, "weighted": 0.012853470437018061}, "f1": {"macro": 0.013183090094772932, "weighted": 0.012779899812431918}}, "SVC": {"accuracy": {"value": 0.028811524609843986}, "precision": {"macro": 0.02884300393359152, "weighted": 0.029327195178717434}, "recall": {"macro": 0.030489588774418167, "weighted": 0.028811524609843986}, "f1": {"macro": 0.029336487342692712, "weighted": 0.02875989918750177}}, "RandomForestClassifier": {"accuracy": {"value": 0.0036231884057970442}, "precision": {"macro": 0.004051565377532247, "weighted": 0.0018625445216721333}, "recall": {"macro": 0.07189542483660137, "weighted": 0.0036231884057970442}, "f1": {"macro": 0.007670850767085302, "weighted": 0.0018987243289853692}}}