{"overall": {"accuracy": {"value": 0.014611519547375279}, "precision": {"macro": 0.014353460795127587, "weighted": 0.014920692713996007}, "recall": {"macro": 0.03287842323015959, "weighted": 0.014611519547375279}, "f1": {"macro": 0.01571714429144402, "weighted": 0.0142500137879886}}}