{"LogisticRegression": {"accuracy": {"value": 84.26966292134831}, "precision": {"macro": 83.8309088144356, "weighted": 84.45008517091989}, "recall": {"macro": 84.24137488777734, "weighted": 84.26966292134831}, "f1": {"macro": 83.99171798683372, "weighted": 84.31706438304846}}, "KNeighborsClassifier": {"accuracy": {"value": 80.4902962206333}, "precision": {"macro": 79.90415969723081, "weighted": 80.82992672952074}, "recall": {"macro": 80.45446724308513, "weighted": 80.4902962206333}, "f1": {"macro": 80.09478420731597, "weighted": 80.5791431221756}}, "SVC": {"accuracy": {"value": 82.63534218590398}, "precision": {"macro": 82.01864429688952, "weighted": 83.0503164663623}, "recall": {"macro": 82.73035405872193, "weighted": 82.63534218590398}, "f1": {"macro": 82.2567783094099, "weighted": 82.73064497998642}}, "RandomForestClassifier": {"accuracy": {"value": 56.17977528089888}, "precision": {"macro": 50.825350161353, "weighted": 98.915093524751}, "recall": {"macro": 72.38258877434134, "weighted": 56.17977528089888}, "f1": {"macro": 37.620621282220746, "weighted": 71.02014748583437}}}