{
    "EMRi": 3419.2788559754667,
    "TMRi": 3376.0,
    "TMRa": 0.9816807211398663,
    "EMRi_norm": 0.6985247918233844,
    "TMRi_norm": 0.6896833503575076
}