{"LogisticRegression": {"accuracy": {"value": 83.9632277834525}, "precision": {"macro": 83.66701768805329, "weighted": 83.9364733232229}, "recall": {"macro": 83.51836856460962, "weighted": 83.9632277834525}, "f1": {"macro": 83.58815508623792, "weighted": 83.94548785858426}}, "KNeighborsClassifier": {"accuracy": {"value": 80.38815117466804}, "precision": {"macro": 80.01660930463518, "weighted": 80.34979846550335}, "recall": {"macro": 79.86625777323452, "weighted": 80.38815117466804}, "f1": {"macro": 79.9357835769914, "weighted": 80.36353252989652}}, "SVC": {"accuracy": {"value": 84.57609805924413}, "precision": {"macro": 83.93071180288008, "weighted": 84.7010115282178}, "recall": {"macro": 84.30518406952487, "weighted": 84.57609805924413}, "f1": {"macro": 84.09655948473494, "weighted": 84.61841028640671}}, "RandomForestClassifier": {"accuracy": {"value": 62.819203268641466}, "precision": {"macro": 56.05747333093611, "weighted": 93.35604814860115}, "recall": {"macro": 74.88918985471558, "weighted": 62.819203268641466}, "f1": {"macro": 49.33922458402993, "weighted": 72.1617627530257}}}