{"overall": {"accuracy": {"value": 0.008169646292689424}, "precision": {"macro": 0.009222584471369468, "weighted": 0.010934076562055174}, "recall": {"macro": 0.013884996295163883, "weighted": 0.008169646292689424}, "f1": {"macro": 0.015835622458127474, "weighted": 0.007160274832024796}}}