{"LogisticRegression": {"accuracy": {"value": 0.016746411483253575}, "precision": {"macro": 0.01222529103925089, "weighted": 0.01900508892004974}, "recall": {"macro": 0.019745471499832308, "weighted": 0.016746411483253575}, "f1": {"macro": 0.015646410846189927, "weighted": 0.017552727719608086}}, "KNeighborsClassifier": {"accuracy": {"value": 0.0012722646310434583}, "precision": {"macro": 0.005275867076115275, "weighted": 0.00042358289816476623}, "recall": {"macro": 0.00045622793116446793, "weighted": 0.0012722646310434583}, "f1": {"macro": 0.0029277634393661475, "weighted": 0.000483736020716551}}, "SVC": {"accuracy": {"value": 0.0048076923076922325}, "precision": {"macro": 0.0037929597788754154, "weighted": 0.005666199758908078}, "recall": {"macro": 0.005845373553254673, "weighted": 0.0048076923076922325}, "f1": {"macro": 0.004576396429213458, "weighted": 0.005010374327442708}}, "RandomForestClassifier": {"accuracy": {"value": 0.009852216748768433}, "precision": {"macro": 0.015596219991236294, "weighted": 0.018641434671098113}, "recall": {"macro": 0.02949291219640408, "weighted": 0.009852216748768433}, "f1": {"macro": 0.04019191911774037, "weighted": 0.005594261260331835}}}