{"overall": {"accuracy": {"value": 0.007405800996727166}, "precision": {"macro": 0.009445113741515677, "weighted": 0.009813462998088163}, "recall": {"macro": 0.027565877067532087, "weighted": 0.007405800996727166}, "f1": {"macro": 0.022121321107805497, "weighted": 0.005617271677227979}}}