{
    "EMRi": 1.0000000000000975,
    "TMRi": 0.0,
    "TMRa": NaN,
    "EMRi_norm": 0.0002042900919305613,
    "TMRi_norm": 0.0
}