{"LogisticRegression": {"accuracy": {"value": 0.0944976076555022}, "precision": {"macro": 0.09282174777693274, "weighted": 0.09672720576087229}, "recall": {"macro": 0.09932698819617423, "weighted": 0.0944976076555022}, "f1": {"macro": 0.09574922605300343, "weighted": 0.09530237926899951}}, "KNeighborsClassifier": {"accuracy": {"value": 0.14450127877237842}, "precision": {"macro": 0.1464454835316102, "weighted": 0.14606807775430958}, "recall": {"macro": 0.14969068069956087, "weighted": 0.14450127877237842}, "f1": {"macro": 0.14791289005632594, "weighted": 0.1451366319498345}}, "SVC": {"accuracy": {"value": 0.07932692307692309}, "precision": {"macro": 0.07656291283051861, "weighted": 0.08194776813368913}, "recall": {"macro": 0.08400617249992011, "weighted": 0.07932692307692309}, "f1": {"macro": 0.07988499938079785, "weighted": 0.080257703420023}}, "RandomForestClassifier": {"accuracy": {"value": 0.0017301038062284067}, "precision": {"macro": 0.008820980349672387, "weighted": 0.037432518215375875}, "recall": {"macro": 0.1618079224653802, "weighted": 0.0017301038062284067}, "f1": {"macro": 0.0549719528951965, "weighted": 0.02176665135188422}}}