{"Cramers_V_Original": [[0.999464400974055, 0.13958066903335697, 0.12563348134925456, 0.07097427838238192, 0.10322387787794561, 0.08590938483843316, 0.07815351045606596, 0.12626232057267298], [0.13958066903335697, 0.9995843861805089, 0.16864378326347898, 0.07360385087968675, 0.23730399756000536, 0.022825432277515566, 0.07654449243256341, 0.035666840541904686], [0.12563348134925456, 0.16864378326347898, 1.0, 0.2618527635672315, 0.17916134230186, 0.0667550745480589, 0.0933744955977045, 0.12598546045240933], [0.07097427838238192, 0.07360385087968675, 0.2618527635672315, 0.999549790064445, 0.29361448100772514, 0.0741951573213806, 0.11419805355243587, 0.16950873883828904], [0.10322387787794561, 0.23730399756000536, 0.17916134230186, 0.29361448100772514, 0.9999999999999999, 0.02938493147545624, 0.17496224465321222, 0.1369815861947254], [0.08590938483843316, 0.022825432277515566, 0.0667550745480589, 0.0741951573213806, 0.02938493147545624, 1.0, 0.08325370195577882, 0.030719687143812544], [0.07815351045606596, 0.07654449243256341, 0.0933744955977045, 0.11419805355243587, 0.17496224465321222, 0.08325370195577882, 0.9983031810983065, 0.05978538612376444], [0.12626232057267298, 0.035666840541904686, 0.12598546045240933, 0.16950873883828904, 0.1369815861947254, 0.030719687143812544, 0.05978538612376444, 1.0]], "Cramers_V_Released": [[0.9993315253949233, 0.21428713802074234, 0.20755971832510883, 0.06909032993377184, 0.07928295879950532, 0.14540144662030366, 0.07346953857850143, 0.06994453267796462], [0.21428713802074234, 0.9995186404802698, 0.1758302973339426, 0.08159869543962461, 0.303284369646183, 0.2441477257365347, 0.09104832695485388, 0.13296575438312952], [0.20755971832510883, 0.1758302973339426, 1.0, 0.2841933837600558, 0.18198174309761897, 0.1309005133872288, 0.08043642525299191, 0.14087676017308084], [0.06909032993377184, 0.08159869543962461, 0.2841933837600558, 0.9993593837062994, 0.26283602959266583, 0.21121903131015538, 0.10613749001310141, 0.20239372187156263], [0.07928295879950532, 0.303284369646183, 0.18198174309761897, 0.26283602959266583, 1.0, 0.12466288935005057, 0.18570036989501468, 0.14133930724674962], [0.14540144662030366, 0.2441477257365347, 0.1309005133872288, 0.21121903131015538, 0.12466288935005057, 1.0, 0.09895572222161086, 0.11121488305798956], [0.07346953857850143, 0.09104832695485388, 0.08043642525299191, 0.10613749001310141, 0.18570036989501468, 0.09895572222161086, 0.9970650872508541, 0.09777973615412225], [0.06994453267796462, 0.13296575438312952, 0.14087676017308084, 0.20239372187156263, 0.14133930724674962, 0.11121488305798956, 0.09777973615412225, 1.0]], "Theils_U_Original": [[1.0, 0.01729268892691641, 0.01455986501372267, 0.004758777160554301, 0.010278165037295894, 0.009159890879807824, 0.005218759523511446, 0.014499239342648412], [0.014380843894743523, 1.0, 0.021228153388917287, 0.0041400803256596026, 0.04699963239378629, 0.0026266581993919123, 0.004476764706400772, 0.0018310476313965181], [0.006110658831782964, 0.010713245635676596, 1.0, 0.02724692695834399, 0.03241932779693513, 0.008174953377425105, 0.0038258222621290433, 0.0190132957932561], [0.004193183122741999, 0.004386674247510938, 0.0572051725182077, 1.0, 0.06788064768520219, 0.006688416392730953, 0.009851535380628008, 0.023921132783815066], [0.005553434062660819, 0.030536457323134, 0.04173681939857934, 0.041623974781511835, 1.0, 0.010019614216836862, 0.014148545069056119, 0.03836581277047361], [0.001923050590725723, 0.0006631047356799136, 0.004089356808435093, 0.001593585067645078, 0.0038931880086813964, 1.0, 0.0016913151631400038, 0.004466125777176214], [0.012446230646551452, 0.012838461574180789, 0.021740256362372416, 0.026664044183162424, 0.06245055598667643, 0.01921297830470753, 1.0, 0.0063436843984186735], [0.005998393272475471, 0.0009108933175702522, 0.018742021566927978, 0.011231118209199585, 0.02937569073208688, 0.008800761609359213, 0.001100425703696775, 1.0]], "Theils_U_Released": [[1.0, 0.043015336617195345, 0.03798214268320911, 0.004879316083504053, 0.00728612187422682, 0.021897764568840756, 0.004807518231196724, 0.005763351372163061], [0.03386948315708132, 1.0, 0.023177523313468822, 0.0050489156884047075, 0.07585754041597899, 0.04697386995712161, 0.006423972351495208, 0.014139198154539293], [0.01746927894379709, 0.013538710496055309, 1.0, 0.03844952419210655, 0.03862283271740426, 0.026529127235004286, 0.00383075535359362, 0.026945783298535364], [0.004729317197759324, 0.0062151607457601715, 0.0810279668574443, 1.0, 0.06692845373513409, 0.041874475021632225, 0.009216954908800529, 0.040118395030565746], [0.003806224169712867, 0.050328205431929875, 0.04386786878982694, 0.036071917768387175, 1.0, 0.044300407050707084, 0.01352206448718505, 0.045146598990641496], [0.0047898336921361724, 0.013049436244081506, 0.012616767392870475, 0.009449972334596915, 0.01854942439870231, 1.0, 0.0022774184212574983, 0.016601216263443797], [0.014838994340428405, 0.025182680113111647, 0.02570824486902684, 0.029351581163768688, 0.07989665564038098, 0.03213702763102887, 1.0, 0.022001813332855367], [0.0023223215445965003, 0.007235803938967407, 0.023607094988682818, 0.016678282016758066, 0.03482365578396318, 0.030582043954239215, 0.0028722497463452385, 1.0]], "Correlations_Original": [[1.0, 0.1440751498305196, -0.29363584253038744, 0.21381050902250628, 0.00013582227639250506], [0.1440751498305196, 1.0, 0.4957238983934356, 0.8183561291215535, 0.14441501205489918], [-0.29363584253038744, 0.4957238983934356, 1.0, -0.0709879687581695, 0.15531278471428198], [0.21381050902250628, 0.8183561291215535, -0.0709879687581695, 1.0, 0.030917782185665835], [0.00013582227639250506, 0.14441501205489918, 0.15531278471428198, 0.030917782185665835, 1.0]], "Correlations_Released": [[1.0, 0.05407195229527686, -0.05553626428986953, 0.08013826312517718, 0.007647143858499757], [0.05407195229527686, 1.0, 0.16394631950749025, 0.22000923451609672, 0.08494394868567837], [-0.05553626428986953, 0.16394631950749025, 1.0, 0.14860948153002873, 0.06308865501367007], [0.08013826312517718, 0.22000923451609672, 0.14860948153002873, 1.0, 0.10119900778424873], [0.007647143858499757, 0.08494394868567837, 0.06308865501367007, 0.10119900778424873, 1.0]], "Correlation_Ratio_Original": [[0.04479563559238358, 0.011464940355896467, 0.04483096384009284, 0.036188449645219174, 0.007858567745239855], [0.05697598771778741, 0.4328837322479556, 0.3448381881081774, 0.06890963964520874, 0.14825814358198006], [0.4000992602484143, 0.05896054297320975, 0.12448728631278808, 0.05397161456628526, 0.297665668897548], [0.3385729852732644, 0.023892242925828356, 0.10697673067534824, 0.08305455695294006, 0.053208836910577886], [0.6743652364002573, 0.17199328045242837, 0.18293252782716837, 0.1738338096883848, 0.20513632204590576], [0.07683345692890883, 0.07147849835841755, 0.08523125812859236, 0.06752313308817205, 0.13022008974140972], [0.19000609661291798, 0.002319526248381274, 0.07921976495246796, 0.04073206996912047, 0.03306871364825257], [0.17843997774524645, 0.05639989469262804, 0.054692658768424655, 0.04235103428016885, 0.11579942791568226]], "Correlation_Ratio_Released": [[0.011823291881309336, 0.08465792204813836, 0.09266283614655745, 0.10359024344568955, 0.02150503165974824], [0.06866683833731825, 0.25845236698428253, 0.33515485119387983, 0.22684060201735995, 0.08774896844701635], [0.1489167877218852, 0.11670167032066808, 0.13831079574021515, 0.1639606440039659, 0.008223032734852677], [0.17016633536808526, 0.04666409554309244, 0.09282668459817825, 0.1355323327858079, 0.00793888063669075], [0.17805614763379216, 0.16289113983527936, 0.2203400693781285, 0.29803389245907475, 0.08293552100242547], [0.14755347135722874, 0.13208133002803962, 0.17037897062059118, 0.16340667846907603, 0.08365252333958086], [0.06713089178724764, 0.017181448161836872, 0.04568778397124677, 0.09086712132609216, 0.0081049582806297], [0.14105545707993647, 0.06200082034846162, 0.13098871886440935, 0.08147107181741188, 0.022728004021057274]]}