{"overall": {"accuracy": {"value": 0.08001397832775803}, "precision": {"macro": 0.08116278112218347, "weighted": 0.09054389246606172}, "recall": {"macro": 0.12370794096525886, "weighted": 0.08001397832775803}, "f1": {"macro": 0.09462976709633093, "weighted": 0.08561584149768531}}}