{"LogisticRegression": {"accuracy": {"value": 77.32379979570992}, "precision": {"macro": 76.8402938305851, "weighted": 77.28636707582929}, "recall": {"macro": 76.7379679144385, "weighted": 77.32379979570992}, "f1": {"macro": 76.7860804921815, "weighted": 77.30214666939334}}, "KNeighborsClassifier": {"accuracy": {"value": 68.3350357507661}, "precision": {"macro": 67.55406585503674, "weighted": 68.31488168894082}, "recall": {"macro": 67.53110170578427, "weighted": 68.3350357507661}, "f1": {"macro": 67.54228732278682, "weighted": 68.32467302621734}}, "SVC": {"accuracy": {"value": 78.24310520939734}, "precision": {"macro": 77.79982363315696, "weighted": 78.20306687347886}, "recall": {"macro": 77.6770797817934, "weighted": 78.24310520939734}, "f1": {"macro": 77.73424862018265, "weighted": 78.21903766801556}}, "RandomForestClassifier": {"accuracy": {"value": 59.14198161389172}, "precision": {"macro": 51.82124449923803, "weighted": 94.84828650858977}, "recall": {"macro": 63.24151882975413, "weighted": 59.14198161389172}, "f1": {"macro": 41.929437445132514, "weighted": 71.34900168104177}}}