{
    "EMRi": 963.9417092270736,
    "TMRi": 834.0,
    "TMRa": 0.5515873015873016,
    "EMRi_norm": 0.19692374039368205,
    "TMRi_norm": 0.1703779366700715
}