{"LogisticRegression": {"accuracy": {"value": 0.011961722488038173}, "precision": {"macro": 0.012761000361351157, "weighted": 0.011541483285630516}, "recall": {"macro": 0.012189493907664623, "weighted": 0.011961722488038173}, "f1": {"macro": 0.012564644921552884, "weighted": 0.011834456362484681}}, "KNeighborsClassifier": {"accuracy": {"value": 0.010230179028133009}, "precision": {"macro": 0.0101712150017982, "weighted": 0.010480344967652993}, "recall": {"macro": 0.010834634495381188, "weighted": 0.010230179028133009}, "f1": {"macro": 0.010439270602040933, "weighted": 0.010295646265460636}}, "SVC": {"accuracy": {"value": 0.010817307692307732}, "precision": {"macro": 0.01493303253866649, "weighted": 0.006625552502381173}, "recall": {"macro": 0.007889817488289796, "weighted": 0.010817307692307732}, "f1": {"macro": 0.012737681441746616, "weighted": 0.009925454276205519}}, "RandomForestClassifier": {"accuracy": {"value": 0.029411764705882436}, "precision": {"macro": 0.03941550021611185, "weighted": 0.011810170569872137}, "recall": {"macro": 0.10186993563712772, "weighted": 0.029411764705882436}, "f1": {"macro": 0.09569038239202725, "weighted": 0.0009729564137139229}}}