{"LogisticRegression": {"accuracy": {"value": 84.37180796731359}, "precision": {"macro": 83.62164175270972, "weighted": 84.57507881256109}, "recall": {"macro": 84.1621431181168, "weighted": 84.37180796731359}, "f1": {"macro": 83.84984878135563, "weighted": 84.43408718836538}}, "KNeighborsClassifier": {"accuracy": {"value": 80.69458631256384}, "precision": {"macro": 79.94940155134329, "weighted": 80.83881562118718}, "recall": {"macro": 80.27993456075203, "weighted": 80.69458631256384}, "f1": {"macro": 80.0943691563901, "weighted": 80.74754664987329}}, "SVC": {"accuracy": {"value": 84.06537282941777}, "precision": {"macro": 82.99215766853307, "weighted": 84.61929033180988}, "recall": {"macro": 84.13181343111725, "weighted": 84.06537282941777}, "f1": {"macro": 83.40706810833363, "weighted": 84.20040969528118}}, "RandomForestClassifier": {"accuracy": {"value": 60.776302349336056}, "precision": {"macro": 53.53076145956405, "weighted": 95.92886202100412}, "recall": {"macro": 74.29598209025568, "weighted": 60.776302349336056}, "f1": {"macro": 44.42762535477767, "weighted": 72.35276666186702}}}