{"overall": {"accuracy": {"value": 0.015605243478590337}, "precision": {"macro": 0.019320187029481926, "weighted": 0.010114387831384205}, "recall": {"macro": 0.03319597038211583, "weighted": 0.015605243478590337}, "f1": {"macro": 0.03285799483934192, "weighted": 0.00825712832946619}}}