{
    "EMRi": 3487.7653728294003,
    "TMRi": 3447.0,
    "TMRa": 0.9812126387702819,
    "EMRi_norm": 0.712515908647477,
    "TMRi_norm": 0.7041879468845761
}