{"overall": {"accuracy": {"value": 0.00661523552316243}, "precision": {"macro": 0.008139915106428973, "weighted": 0.006845057188444729}, "recall": {"macro": 0.00600111733028073, "weighted": 0.00661523552316243}, "f1": {"macro": 0.009857099773153131, "weighted": 0.005450786689745924}}}