{
    "EMRi": 4038.6515832482023,
    "TMRi": 3970.0,
    "TMRa": 0.9897781101969584,
    "EMRi_norm": 0.8250565032172017,
    "TMRi_norm": 0.8110316649642493
}