{"LogisticRegression": {"accuracy": {"value": 85.39325842696628}, "precision": {"macro": 84.70253077858257, "weighted": 85.56259810850553}, "recall": {"macro": 85.200696488897, "weighted": 85.39325842696628}, "f1": {"macro": 84.91679819859615, "weighted": 85.44528569328257}}, "KNeighborsClassifier": {"accuracy": {"value": 79.87742594484168}, "precision": {"macro": 79.14440677385662, "weighted": 80.0003839993295}, "recall": {"macro": 79.41945380693112, "weighted": 79.87742594484168}, "f1": {"macro": 79.26688073858035, "weighted": 79.9246705143738}}, "SVC": {"accuracy": {"value": 84.98467824310521}, "precision": {"macro": 84.2502696871629, "weighted": 85.183679271167}, "recall": {"macro": 84.80087687248812, "weighted": 84.98467824310521}, "f1": {"macro": 84.48318804483188, "weighted": 85.04451514176282}}, "RandomForestClassifier": {"accuracy": {"value": 59.03983656792645}, "precision": {"macro": 51.3681272580949, "weighted": 98.53676578886571}, "recall": {"macro": 75.44991240643415, "weighted": 59.03983656792645}, "f1": {"macro": 39.74459920954684, "weighted": 72.93658693975583}}}