{"overall": {"accuracy": {"value": 0.004358991665388006}, "precision": {"macro": 0.00473708283944585, "weighted": 0.0052591121646379385}, "recall": {"macro": 0.01702846332695336, "weighted": 0.004358991665388006}, "f1": {"macro": 0.005795916908554446, "weighted": 0.004924674066656101}}}