{"LogisticRegression": {"accuracy": {"value": 0.0011961722488036842}, "precision": {"macro": 0.002999466817608737, "weighted": 0.0003851538986151566}, "recall": {"macro": 0.00023860628263528625, "weighted": 0.0011961722488036842}, "f1": {"macro": 0.0018634446627206944, "weighted": 0.0008507058316744714}}, "KNeighborsClassifier": {"accuracy": {"value": 0.010230179028133009}, "precision": {"macro": 0.00849449250748446, "weighted": 0.01146683634644881}, "recall": {"macro": 0.011199385615215956, "weighted": 0.010230179028133009}, "f1": {"macro": 0.009671214807102806, "weighted": 0.010682210821121467}}, "SVC": {"accuracy": {"value": 0.006009615384615332}, "precision": {"macro": 0.006808527935288547, "weighted": 0.005433192460240329}, "recall": {"macro": 0.005817251322520337, "weighted": 0.006009615384615332}, "f1": {"macro": 0.006465520313976783, "weighted": 0.005862378090708868}}, "RandomForestClassifier": {"accuracy": {"value": 0.0}, "precision": {"macro": 0.0006458440974016548, "weighted": 0.003751265953247457}, "recall": {"macro": 0.05085861008744186, "weighted": 0.0}, "f1": {"macro": 0.005183487850417501, "weighted": 0.0023034015231195993}}}