{"LogisticRegression": {"accuracy": {"value": 85.29111338100103}, "precision": {"macro": 84.44846834814473, "weighted": 85.59555287674266}, "recall": {"macro": 85.22102591036415, "weighted": 85.29111338100103}, "f1": {"macro": 84.75856044421765, "weighted": 85.3725968904542}}, "KNeighborsClassifier": {"accuracy": {"value": 79.06026557711951}, "precision": {"macro": 78.47211520350679, "weighted": 79.08303268835613}, "recall": {"macro": 78.53000471839746, "weighted": 79.06026557711951}, "f1": {"macro": 78.50027370786854, "weighted": 79.07089833413059}}, "SVC": {"accuracy": {"value": 84.47395301327886}, "precision": {"macro": 83.67664937244226, "weighted": 84.72085994721536}, "recall": {"macro": 84.30756885935075, "weighted": 84.47395301327886}, "f1": {"macro": 83.9369602763385, "weighted": 84.54595203946079}}, "RandomForestClassifier": {"accuracy": {"value": 59.03983656792645}, "precision": {"macro": 51.334951456310684, "weighted": 98.9064034035126}, "recall": {"macro": 79.28719008264463, "weighted": 59.03983656792645}, "f1": {"macro": 39.53858356242444, "weighted": 73.104589185204}}}