{
    "EMRi": 957.5199353081081,
    "TMRi": 832.0,
    "TMRa": 0.5371207230471272,
    "EMRi_norm": 0.19561183560941942,
    "TMRi_norm": 0.16996935648621042
}