{"LogisticRegression": {"accuracy": {"value": 84.47395301327886}, "precision": {"macro": 83.96987514150067, "weighted": 84.7377694695366}, "recall": {"macro": 84.52105010130147, "weighted": 84.47395301327886}, "f1": {"macro": 84.17299854501519, "weighted": 84.53637319928909}}, "KNeighborsClassifier": {"accuracy": {"value": 79.57099080694586}, "precision": {"macro": 79.1206261510129, "weighted": 79.72251536408218}, "recall": {"macro": 79.40003752697251, "weighted": 79.57099080694586}, "f1": {"macro": 79.23242711197094, "weighted": 79.61974397902225}}, "SVC": {"accuracy": {"value": 84.88253319713994}, "precision": {"macro": 84.24780779563079, "weighted": 85.35709424499723}, "recall": {"macro": 85.12006861063465, "weighted": 84.88253319713994}, "f1": {"macro": 84.53383317393086, "weighted": 84.97741755719683}}, "RandomForestClassifier": {"accuracy": {"value": 58.324821246169556}, "precision": {"macro": 53.25620490986196, "weighted": 96.59998012221197}, "recall": {"macro": 75.43888595564943, "weighted": 58.324821246169556}, "f1": {"macro": 42.71898124247118, "weighted": 70.66290218842818}}}