{"LogisticRegression": {"accuracy": {"value": 0.010765550239234324}, "precision": {"macro": 0.009772911799720145, "weighted": 0.012432271238846774}, "recall": {"macro": 0.01260196297517926, "weighted": 0.010765550239234324}, "f1": {"macro": 0.01054719771328033, "weighted": 0.0109958038255886}}, "KNeighborsClassifier": {"accuracy": {"value": 0.00645994832041338}, "precision": {"macro": 0.007589877652893706, "weighted": 0.005194195503538479}, "recall": {"macro": 0.005982451573856946, "weighted": 0.00645994832041338}, "f1": {"macro": 0.007116644698192863, "weighted": 0.006142086473817923}}, "SVC": {"accuracy": {"value": 0.0024009603841537073}, "precision": {"macro": 0.002448179369775124, "weighted": 0.002366112406758606}, "recall": {"macro": 0.0024847148161590733, "weighted": 0.0024009603841537073}, "f1": {"macro": 0.002466311793202693, "weighted": 0.002383269041314907}}, "RandomForestClassifier": {"accuracy": {"value": 0.04387568555758665}, "precision": {"macro": 0.05496868554598427, "weighted": 0.02631907007999813}, "recall": {"macro": 0.08516007443410453, "weighted": 0.04387568555758665}, "f1": {"macro": 0.15822327060762748, "weighted": 0.005862370527521421}}}