{"overall": {"accuracy": {"value": 0.015875536125347013}, "precision": {"macro": 0.018694913592093312, "weighted": 0.011577912307285497}, "recall": {"macro": 0.026557300949824954, "weighted": 0.015875536125347013}, "f1": {"macro": 0.04458835620307584, "weighted": 0.006345882467060713}}}