{
    "EMRi": 79.72873680626167,
    "TMRi": 58.0,
    "TMRa": 0.05759682224428997,
    "EMRi_norm": 0.016287790971657133,
    "TMRi_norm": 0.011848825331971399
}