{"LogisticRegression": {"accuracy": {"value": 84.98467824310521}, "precision": {"macro": 84.51567610143663, "weighted": 85.0149364457935}, "recall": {"macro": 84.63428463428463, "weighted": 84.98467824310521}, "f1": {"macro": 84.57261205285789, "weighted": 84.99755531155044}}, "KNeighborsClassifier": {"accuracy": {"value": 79.46884576098059}, "precision": {"macro": 79.05707950206332, "weighted": 79.43165396985258}, "recall": {"macro": 78.92878452096829, "weighted": 79.46884576098059}, "f1": {"macro": 78.98865714862306, "weighted": 79.44613413742314}}, "SVC": {"accuracy": {"value": 84.57609805924413}, "precision": {"macro": 83.89753600109586, "weighted": 84.72494393006374}, "recall": {"macro": 84.32720651985434, "weighted": 84.57609805924413}, "f1": {"macro": 84.08484836740209, "weighted": 84.62465180785641}}, "RandomForestClassifier": {"accuracy": {"value": 59.754851889683344}, "precision": {"macro": 52.483048235475415, "weighted": 95.03482832816312}, "recall": {"macro": 67.0864262990456, "weighted": 59.754851889683344}, "f1": {"macro": 42.98042809839167, "weighted": 71.63278662701981}}}