{"overall": {"accuracy": {"value": 0.006704549365143167}, "precision": {"macro": 0.006642005221155617, "weighted": 0.009978728383391717}, "recall": {"macro": 0.005866374870191903, "weighted": 0.006704549365143167}, "f1": {"macro": 0.018069316656696567, "weighted": 0.006287996125357622}}}