{"LogisticRegression": {"accuracy": {"value": 0.004784688995215236}, "precision": {"macro": 0.0022060105575168014, "weighted": 0.0064007133352533075}, "recall": {"macro": 0.006647972117061054, "weighted": 0.004784688995215236}, "f1": {"macro": 0.004053216242719253, "weighted": 0.00523996588108228}}, "KNeighborsClassifier": {"accuracy": {"value": 0.005115089514066594}, "precision": {"macro": 0.001103391576903518, "weighted": 0.007109091244883163}, "recall": {"macro": 0.0061782002071638755, "weighted": 0.005115089514066594}, "f1": {"macro": 0.0035099601165695543, "weighted": 0.005987342504772623}}, "SVC": {"accuracy": {"value": 0.0048076923076922325}, "precision": {"macro": 0.004186736581103025, "weighted": 0.005385249205343053}, "recall": {"macro": 0.0055856775319200426, "weighted": 0.0048076923076922325}, "f1": {"macro": 0.00471501711344517, "weighted": 0.004936983098869167}}, "RandomForestClassifier": {"accuracy": {"value": 0.012110726643598607}, "precision": {"macro": 0.019071882169099122, "weighted": 0.021019859748087344}, "recall": {"macro": 0.005053649624622639, "weighted": 0.012110726643598607}, "f1": {"macro": 0.05999907315405229, "weighted": 0.008987693016706417}}}