{"Cramers_V_Original": [[0.999464400974055, 0.13958066903335697, 0.12563348134925456, 0.07097427838238192, 0.10322387787794561, 0.08590938483843316, 0.07815351045606596, 0.12626232057267298], [0.13958066903335697, 0.9995843861805089, 0.16864378326347898, 0.07360385087968675, 0.23730399756000536, 0.022825432277515566, 0.07654449243256341, 0.035666840541904686], [0.12563348134925456, 0.16864378326347898, 1.0, 0.2618527635672315, 0.17916134230186, 0.0667550745480589, 0.0933744955977045, 0.12598546045240933], [0.07097427838238192, 0.07360385087968675, 0.2618527635672315, 0.999549790064445, 0.29361448100772514, 0.0741951573213806, 0.11419805355243587, 0.16950873883828904], [0.10322387787794561, 0.23730399756000536, 0.17916134230186, 0.29361448100772514, 0.9999999999999999, 0.02938493147545624, 0.17496224465321222, 0.1369815861947254], [0.08590938483843316, 0.022825432277515566, 0.0667550745480589, 0.0741951573213806, 0.02938493147545624, 1.0, 0.08325370195577882, 0.030719687143812544], [0.07815351045606596, 0.07654449243256341, 0.0933744955977045, 0.11419805355243587, 0.17496224465321222, 0.08325370195577882, 0.9983031810983065, 0.05978538612376444], [0.12626232057267298, 0.035666840541904686, 0.12598546045240933, 0.16950873883828904, 0.1369815861947254, 0.030719687143812544, 0.05978538612376444, 1.0]], "Cramers_V_Released": [[0.999464400974055, 0.010696645116515186, 0.12563348134925456, 0.07097427838238192, 0.10322387787794561, 0.08590938483843316, 0.07815351045606596, 0.12626232057267298], [0.010696645116515186, 0.9995859754778507, 0.03408314643244016, 0.03931132774043421, 0.06474671440655358, 0.0, 0.0, 0.037265002227179864], [0.12563348134925456, 0.03408314643244016, 1.0, 0.2618527635672315, 0.17916134230186, 0.0667550745480589, 0.0933744955977045, 0.12598546045240933], [0.07097427838238192, 0.03931132774043421, 0.2618527635672315, 0.999549790064445, 0.29361448100772514, 0.0741951573213806, 0.11419805355243587, 0.16950873883828904], [0.10322387787794561, 0.06474671440655358, 0.17916134230186, 0.29361448100772514, 0.9999999999999999, 0.02938493147545624, 0.17496224465321222, 0.1369815861947254], [0.08590938483843316, 0.0, 0.0667550745480589, 0.0741951573213806, 0.02938493147545624, 1.0, 0.08325370195577882, 0.030719687143812544], [0.07815351045606596, 0.0, 0.0933744955977045, 0.11419805355243587, 0.17496224465321222, 0.08325370195577882, 0.9983031810983065, 0.05978538612376444], [0.12626232057267298, 0.037265002227179864, 0.12598546045240933, 0.16950873883828904, 0.1369815861947254, 0.030719687143812544, 0.05978538612376444, 1.0]], "Theils_U_Original": [[1.0, 0.01729268892691641, 0.01455986501372267, 0.004758777160554301, 0.010278165037295894, 0.009159890879807824, 0.005218759523511446, 0.014499239342648412], [0.014380843894743523, 1.0, 0.021228153388917287, 0.0041400803256596026, 0.04699963239378629, 0.0026266581993919123, 0.004476764706400772, 0.0018310476313965181], [0.006110658831782964, 0.010713245635676596, 1.0, 0.02724692695834399, 0.03241932779693513, 0.008174953377425105, 0.0038258222621290433, 0.0190132957932561], [0.004193183122741999, 0.004386674247510938, 0.0572051725182077, 1.0, 0.06788064768520219, 0.006688416392730953, 0.009851535380628008, 0.023921132783815066], [0.005553434062660819, 0.030536457323134, 0.04173681939857934, 0.041623974781511835, 1.0, 0.010019614216836862, 0.014148545069056119, 0.03836581277047361], [0.001923050590725723, 0.0006631047356799136, 0.004089356808435093, 0.001593585067645078, 0.0038931880086813964, 1.0, 0.0016913151631400038, 0.004466125777176214], [0.012446230646551452, 0.012838461574180789, 0.021740256362372416, 0.026664044183162424, 0.06245055598667643, 0.01921297830470753, 1.0, 0.0063436843984186735], [0.005998393272475471, 0.0009108933175702522, 0.018742021566927978, 0.011231118209199585, 0.02937569073208688, 0.008800761609359213, 0.001100425703696775, 1.0]], "Theils_U_Released": [[1.0, 0.00029438453673289, 0.01455986501372267, 0.004758777160554301, 0.010278165037295894, 0.009159890879807824, 0.005218759523511446, 0.014499239342648412], [0.00024413811942069482, 1.0, 0.001299770576165886, 0.0012981659789965383, 0.003858567199724278, 0.0014524913760456607, 0.00011232852706908738, 0.0019084802265887971], [0.006110658831782964, 0.0006577741297752867, 1.0, 0.02724692695834399, 0.03241932779693513, 0.008174953377425105, 0.0038258222621290433, 0.0190132957932561], [0.004193183122741999, 0.0013792979252839075, 0.0572051725182077, 1.0, 0.06788064768520219, 0.006688416392730953, 0.009851535380628008, 0.023921132783815066], [0.005553434062660819, 0.002513920271598526, 0.04173681939857934, 0.041623974781511835, 1.0, 0.010019614216836862, 0.014148545069056119, 0.03836581277047361], [0.001923050590725723, 0.0003676997808853018, 0.004089356808435093, 0.001593585067645078, 0.0038931880086813964, 1.0, 0.0016913151631400038, 0.004466125777176214], [0.012446230646551452, 0.00032302789145880004, 0.021740256362372416, 0.026664044183162424, 0.06245055598667643, 0.01921297830470753, 1.0, 0.0063436843984186735], [0.005998393272475471, 0.0009520434746498838, 0.018742021566927978, 0.011231118209199585, 0.02937569073208688, 0.008800761609359213, 0.001100425703696775, 1.0]], "Correlations_Original": [[1.0, 0.1440751498305196, -0.29363584253038744, 0.21381050902250628, 0.00013582227639250506], [0.1440751498305196, 1.0, 0.4957238983934356, 0.8183561291215535, 0.14441501205489918], [-0.29363584253038744, 0.4957238983934356, 1.0, -0.0709879687581695, 0.15531278471428198], [0.21381050902250628, 0.8183561291215535, -0.0709879687581695, 1.0, 0.030917782185665835], [0.00013582227639250506, 0.14441501205489918, 0.15531278471428198, 0.030917782185665835, 1.0]], "Correlations_Released": [[1.0, 0.1453668151731726, -0.29301045244230994, 0.3494733172245555, 0.00013582227639250506], [0.1453668151731726, 1.0, 0.4947448389773753, 0.8286310332137565, 0.009430808127059062], [-0.29301045244230994, 0.4947448389773753, 1.0, -0.03601899917441565, -0.012592890781007601], [0.3494733172245555, 0.8286310332137565, -0.03601899917441565, 1.0, 0.021504003055878174], [0.00013582227639250506, 0.009430808127059062, -0.012592890781007601, 0.021504003055878174, 1.0]], "Correlation_Ratio_Original": [[0.04479563559238358, 0.011464940355896467, 0.04483096384009284, 0.036188449645219174, 0.007858567745239855], [0.05697598771778741, 0.4328837322479556, 0.3448381881081774, 0.06890963964520874, 0.14825814358198006], [0.4000992602484143, 0.05896054297320975, 0.12448728631278808, 0.05397161456628526, 0.297665668897548], [0.3385729852732644, 0.023892242925828356, 0.10697673067534824, 0.08305455695294006, 0.053208836910577886], [0.6743652364002573, 0.17199328045242837, 0.18293252782716837, 0.1738338096883848, 0.20513632204590576], [0.07683345692890883, 0.07147849835841755, 0.08523125812859236, 0.06752313308817205, 0.13022008974140972], [0.19000609661291798, 0.002319526248381274, 0.07921976495246796, 0.04073206996912047, 0.03306871364825257], [0.17843997774524645, 0.05639989469262804, 0.054692658768424655, 0.04235103428016885, 0.11579942791568226]], "Correlation_Ratio_Released": [[0.04479563559238358, 0.03794899806564852, 0.031070141999629233, 0.02627111302726632, 0.007858567745239855], [0.07071546555575424, 0.40288628990558933, 0.26181823173813185, 0.11270722026365552, 0.02031263095670905], [0.4000992602484143, 0.015320252673283446, 0.06206552645193971, 0.07175646298663167, 0.297665668897548], [0.3385729852732644, 0.0443119422876358, 0.04970421665513889, 0.1032535478854646, 0.053208836910577886], [0.6743652364002573, 0.13087985925079226, 0.11175203470494831, 0.23268332744901854, 0.20513632204590576], [0.07683345692890883, 0.06025581019311705, 0.050578940312426456, 0.07194223911952391, 0.13022008974140972], [0.19000609661291798, 0.044719092912154305, 0.02773966462247039, 0.08080714872978603, 0.03306871364825257], [0.17843997774524645, 0.04407766265086195, 0.046287369982783794, 0.06483216319895961, 0.11579942791568226]]}