{"overall": {"accuracy": {"value": 0.059507220360881616}, "precision": {"macro": 0.06351079440222918, "weighted": 0.08210978731747196}, "recall": {"macro": 0.08492255551607346, "weighted": 0.059507220360881616}, "f1": {"macro": 0.09219861027602555, "weighted": 0.06251788029368847}}}