{"LogisticRegression": {"accuracy": {"value": 85.39325842696628}, "precision": {"macro": 84.70253077858257, "weighted": 85.56259810850553}, "recall": {"macro": 85.200696488897, "weighted": 85.39325842696628}, "f1": {"macro": 84.91679819859615, "weighted": 85.44528569328257}}, "KNeighborsClassifier": {"accuracy": {"value": 80.28600612870275}, "precision": {"macro": 79.59666786527629, "weighted": 80.38384768867296}, "recall": {"macro": 79.82983717177645, "weighted": 80.28600612870275}, "f1": {"macro": 79.70243370555976, "weighted": 80.3246765904773}}, "SVC": {"accuracy": {"value": 84.98467824310521}, "precision": {"macro": 84.2502696871629, "weighted": 85.183679271167}, "recall": {"macro": 84.80087687248812, "weighted": 84.98467824310521}, "f1": {"macro": 84.48318804483188, "weighted": 85.04451514176282}}, "RandomForestClassifier": {"accuracy": {"value": 62.206332992849845}, "precision": {"macro": 55.196614783993425, "weighted": 95.12939658025292}, "recall": {"macro": 77.16501074113856, "weighted": 62.206332992849845}, "f1": {"macro": 47.43280896267487, "weighted": 72.56772556892633}}}