{"LogisticRegression": {"accuracy": {"value": 79.06026557711951}, "precision": {"macro": 78.77069741956473, "weighted": 79.0042201272702}, "recall": {"macro": 78.51436547534196, "weighted": 79.06026557711951}, "f1": {"macro": 78.6231108355941, "weighted": 79.01342756909895}}, "KNeighborsClassifier": {"accuracy": {"value": 73.74872318692543}, "precision": {"macro": 73.42211605965652, "weighted": 73.66022319114934}, "recall": {"macro": 73.14333088005142, "weighted": 73.74872318692543}, "f1": {"macro": 73.24752654215642, "weighted": 73.6701774440885}}, "SVC": {"accuracy": {"value": 80.4902962206333}, "precision": {"macro": 80.23749593328881, "weighted": 80.44136713276016}, "recall": {"macro": 79.96809557750399, "weighted": 80.4902962206333}, "f1": {"macro": 80.08299594926083, "weighted": 80.4466569058434}}, "RandomForestClassifier": {"accuracy": {"value": 64.04494382022472}, "precision": {"macro": 58.44270646050581, "weighted": 84.42985911623414}, "recall": {"macro": 67.86943915919181, "weighted": 64.04494382022472}, "f1": {"macro": 55.09829674567932, "weighted": 69.8182950216476}}}