{"Cramers_V_Original": [[0.999464400974055, 0.13958066903335697, 0.12563348134925456, 0.07097427838238192, 0.10322387787794561, 0.08590938483843316, 0.07815351045606596, 0.12626232057267298], [0.13958066903335697, 0.9995843861805089, 0.16864378326347898, 0.07360385087968675, 0.23730399756000536, 0.022825432277515566, 0.07654449243256341, 0.035666840541904686], [0.12563348134925456, 0.16864378326347898, 1.0, 0.2618527635672315, 0.17916134230186, 0.0667550745480589, 0.0933744955977045, 0.12598546045240933], [0.07097427838238192, 0.07360385087968675, 0.2618527635672315, 0.999549790064445, 0.29361448100772514, 0.0741951573213806, 0.11419805355243587, 0.16950873883828904], [0.10322387787794561, 0.23730399756000536, 0.17916134230186, 0.29361448100772514, 0.9999999999999999, 0.02938493147545624, 0.17496224465321222, 0.1369815861947254], [0.08590938483843316, 0.022825432277515566, 0.0667550745480589, 0.0741951573213806, 0.02938493147545624, 1.0, 0.08325370195577882, 0.030719687143812544], [0.07815351045606596, 0.07654449243256341, 0.0933744955977045, 0.11419805355243587, 0.17496224465321222, 0.08325370195577882, 0.9983031810983065, 0.05978538612376444], [0.12626232057267298, 0.035666840541904686, 0.12598546045240933, 0.16950873883828904, 0.1369815861947254, 0.030719687143812544, 0.05978538612376444, 1.0]], "Cramers_V_Released": [[0.9992821025307583, 0.18314414575398977, 0.1440552775170445, 0.1475895375737503, 0.1313737416572643, 0.1574177774281207, 0.09815111949874859, 0.11672232856845857], [0.18314414575398977, 0.9995181968739545, 0.1938211065519257, 0.0, 0.24114959893083504, 0.2504272393887477, 0.1374452689902598, 0.12071457411810645], [0.1440552775170445, 0.1938211065519257, 1.0, 0.41410707249747664, 0.24166872499541425, 0.17363866121299534, 0.11971818465600742, 0.18893009920784504], [0.1475895375737503, 0.0, 0.41410707249747664, 0.9994801024915773, 0.28336075939668404, 0.16829074964303362, 0.06483718033742084, 0.29396497727123344], [0.1313737416572643, 0.24114959893083504, 0.24166872499541425, 0.28336075939668404, 0.9999999999999999, 0.11332289370492588, 0.13887308771988452, 0.15930064755693182], [0.1574177774281207, 0.2504272393887477, 0.17363866121299534, 0.16829074964303362, 0.11332289370492588, 1.0, 0.10338292203338435, 0.09001997162248535], [0.09815111949874859, 0.1374452689902598, 0.11971818465600742, 0.06483718033742084, 0.13887308771988452, 0.10338292203338435, 0.9981869975836863, 0.035854166269980385], [0.11672232856845857, 0.12071457411810645, 0.18893009920784504, 0.29396497727123344, 0.15930064755693182, 0.09001997162248535, 0.035854166269980385, 1.0]], "Theils_U_Original": [[1.0, 0.01729268892691641, 0.01455986501372267, 0.004758777160554301, 0.010278165037295894, 0.009159890879807824, 0.005218759523511446, 0.014499239342648412], [0.014380843894743523, 1.0, 0.021228153388917287, 0.0041400803256596026, 0.04699963239378629, 0.0026266581993919123, 0.004476764706400772, 0.0018310476313965181], [0.006110658831782964, 0.010713245635676596, 1.0, 0.02724692695834399, 0.03241932779693513, 0.008174953377425105, 0.0038258222621290433, 0.0190132957932561], [0.004193183122741999, 0.004386674247510938, 0.0572051725182077, 1.0, 0.06788064768520219, 0.006688416392730953, 0.009851535380628008, 0.023921132783815066], [0.005553434062660819, 0.030536457323134, 0.04173681939857934, 0.041623974781511835, 1.0, 0.010019614216836862, 0.014148545069056119, 0.03836581277047361], [0.001923050590725723, 0.0006631047356799136, 0.004089356808435093, 0.001593585067645078, 0.0038931880086813964, 1.0, 0.0016913151631400038, 0.004466125777176214], [0.012446230646551452, 0.012838461574180789, 0.021740256362372416, 0.026664044183162424, 0.06245055598667643, 0.01921297830470753, 1.0, 0.0063436843984186735], [0.005998393272475471, 0.0009108933175702522, 0.018742021566927978, 0.011231118209199585, 0.02937569073208688, 0.008800761609359213, 0.001100425703696775, 1.0]], "Theils_U_Released": [[1.0, 0.033081838162498906, 0.023097752057325234, 0.022754652411894505, 0.01659920281368246, 0.026752043647928863, 0.00866540383684341, 0.014797862697065955], [0.024732757127040653, 1.0, 0.02782637197419843, 0.00016730567544397836, 0.045507325328703226, 0.049525338360713225, 0.014309214887017523, 0.012007315654149428], [0.008771176776680508, 0.014133894171043965, 1.0, 0.06450172477961365, 0.05393620931065836, 0.03635072592128607, 0.006902173884116591, 0.0419095374758588], [0.01797412492031288, 0.00017676868184752427, 0.13417164018206046, 1.0, 0.062103752460630386, 0.024773182494193878, 0.0033825116958819484, 0.06812155948196115], [0.008379883204638429, 0.030729050779426073, 0.07170393769141503, 0.039690907296954396, 1.0, 0.040569802853935744, 0.010929070875275358, 0.05972958219018259], [0.005126295775950985, 0.012693788190091426, 0.018343053607620636, 0.006009674472755221, 0.015399224802578477, 1.0, 0.0025463916401122512, 0.012383645757638504], [0.017432757601375085, 0.03850438489614959, 0.03656579596359693, 0.008614677849467478, 0.04355216936014192, 0.026733497965956796, 1.0, 0.006470049068093024], [0.005554653715868352, 0.0060286632263106595, 0.041426926640261125, 0.03237166429406987, 0.04441163263778372, 0.024258269715956553, 0.0012072251827759755, 1.0]], "Correlations_Original": [[1.0, 0.1440751498305196, -0.29363584253038744, 0.21381050902250628, 0.00013582227639250506], [0.1440751498305196, 1.0, 0.4957238983934356, 0.8183561291215535, 0.14441501205489918], [-0.29363584253038744, 0.4957238983934356, 1.0, -0.0709879687581695, 0.15531278471428198], [0.21381050902250628, 0.8183561291215535, -0.0709879687581695, 1.0, 0.030917782185665835], [0.00013582227639250506, 0.14441501205489918, 0.15531278471428198, 0.030917782185665835, 1.0]], "Correlations_Released": [[1.0, 0.06345869162020391, -0.10405922134486911, 0.16794619845270906, 0.004126188010664718], [0.06345869162020391, 1.0, 0.22634462604531405, 0.37619933291165947, 0.07687385102590276], [-0.10405922134486911, 0.22634462604531405, 1.0, 0.18146255076075585, 0.029641218076802353], [0.16794619845270906, 0.37619933291165947, 0.18146255076075585, 1.0, 0.08920268882838925], [0.004126188010664718, 0.07687385102590276, 0.029641218076802353, 0.08920268882838925, 1.0]], "Correlation_Ratio_Original": [[0.04479563559238358, 0.011464940355896467, 0.04483096384009284, 0.036188449645219174, 0.007858567745239855], [0.05697598771778741, 0.4328837322479556, 0.3448381881081774, 0.06890963964520874, 0.14825814358198006], [0.4000992602484143, 0.05896054297320975, 0.12448728631278808, 0.05397161456628526, 0.297665668897548], [0.3385729852732644, 0.023892242925828356, 0.10697673067534824, 0.08305455695294006, 0.053208836910577886], [0.6743652364002573, 0.17199328045242837, 0.18293252782716837, 0.1738338096883848, 0.20513632204590576], [0.07683345692890883, 0.07147849835841755, 0.08523125812859236, 0.06752313308817205, 0.13022008974140972], [0.19000609661291798, 0.002319526248381274, 0.07921976495246796, 0.04073206996912047, 0.03306871364825257], [0.17843997774524645, 0.05639989469262804, 0.054692658768424655, 0.04235103428016885, 0.11579942791568226]], "Correlation_Ratio_Released": [[0.07124282272676957, 0.08504136651719581, 0.12056305656854113, 0.0036584361259066806, 0.026099548070533912], [0.08637024987327596, 0.33888211823489983, 0.4696134988282845, 0.29941424530355354, 0.03465993387528434], [0.30173799823829606, 0.12249800825882834, 0.1358682070113797, 0.06821047846735577, 0.07490860067364885], [0.2845536482325381, 0.07429086520511133, 0.1291245012868377, 0.1113545396915657, 0.0026989994778761923], [0.3893130146236404, 0.1188757064453634, 0.22880261195190718, 0.2798826095370879, 0.08595073801945122], [0.1308056612608779, 0.13541641935786566, 0.1505280105204927, 0.1994669710558759, 0.13836883400247213], [0.11789758735703064, 0.00775111066576419, 0.09083526513576734, 0.056599431577801375, 0.01630150868786378], [0.157102988318296, 0.11196854729910448, 0.0944763675995649, 0.10727716848048587, 0.10045969762260525]]}