{"LogisticRegression": {"accuracy": {"value": 0.07416267942583724}, "precision": {"macro": 0.07003135921078919, "weighted": 0.07665005652257507}, "recall": {"macro": 0.07847742200589133, "weighted": 0.07416267942583724}, "f1": {"macro": 0.07411592872688054, "weighted": 0.07527458152895229}}, "KNeighborsClassifier": {"accuracy": {"value": 0.08142493638676841}, "precision": {"macro": 0.07757299358398637, "weighted": 0.0836439743910275}, "recall": {"macro": 0.08375948803875319, "weighted": 0.08142493638676841}, "f1": {"macro": 0.08098757921557749, "weighted": 0.08284501636173049}}, "SVC": {"accuracy": {"value": 0.05288461538461539}, "precision": {"macro": 0.04762920960104068, "weighted": 0.055671604924583375}, "recall": {"macro": 0.05698975615842984, "weighted": 0.05288461538461539}, "f1": {"macro": 0.05208364169728107, "weighted": 0.054064136038110555}}, "RandomForestClassifier": {"accuracy": {"value": 0.02955665024630541}, "precision": {"macro": 0.058809615213100463, "weighted": 0.11247351343170192}, "recall": {"macro": 0.12046355586121947, "weighted": 0.02955665024630541}, "f1": {"macro": 0.1616072914643631, "weighted": 0.03788778724596058}}}