{
    "EMRi": 72.53037112699693,
    "TMRi": 45.0,
    "TMRa": 0.04605936540429888,
    "EMRi_norm": 0.014817236185290485,
    "TMRi_norm": 0.009193054136874362
}