{"LogisticRegression": {"accuracy": {"value": 0.024911032028469733}, "precision": {"macro": 0.020619528051831364, "weighted": 0.02956114023511386}, "recall": {"macro": 0.030010429411269725, "weighted": 0.024911032028469733}, "f1": {"macro": 0.02379031006865945, "weighted": 0.02579273589847852}}, "KNeighborsClassifier": {"accuracy": {"value": 0.005076142131979615}, "precision": {"macro": 0.005198018487742869, "weighted": 0.0050094672772055746}, "recall": {"macro": 0.005268170884611532, "weighted": 0.005076142131979615}, "f1": {"macro": 0.005232859578698804, "weighted": 0.005042365565007511}}, "SVC": {"accuracy": {"value": 0.012062726176115866}, "precision": {"macro": 0.01140539154824793, "weighted": 0.012771389761122518}, "recall": {"macro": 0.013111938779063784, "weighted": 0.012062726176115866}, "f1": {"macro": 0.012031481884799317, "weighted": 0.01220014267924481}}, "RandomForestClassifier": {"accuracy": {"value": 0.0451263537906137}, "precision": {"macro": 0.06043091397624434, "weighted": 0.044791914167227095}, "recall": {"macro": 0.0002397235269781104, "weighted": 0.0451263537906137}, "f1": {"macro": 0.1852014831261365, "weighted": 0.015339758228281831}}}