{"overall": {"accuracy": {"value": 0.02179406353179473}, "precision": {"macro": 0.024413463016016625, "weighted": 0.02303347786016726}, "recall": {"macro": 0.012157565650480788, "weighted": 0.02179406353179473}, "f1": {"macro": 0.056564033664573514, "weighted": 0.014593750592753169}}}