{"LogisticRegression": {"accuracy": {"value": 86.10827374872318}, "precision": {"macro": 85.42106154954038, "weighted": 86.54716557341135}, "recall": {"macro": 86.33943781942078, "weighted": 86.10827374872318}, "f1": {"macro": 85.74157842431718, "weighted": 86.19702803106348}}, "KNeighborsClassifier": {"accuracy": {"value": 80.4902962206333}, "precision": {"macro": 79.78184436819588, "weighted": 80.88321909677506}, "recall": {"macro": 80.42838470660539, "weighted": 80.4902962206333}, "f1": {"macro": 80.00838200563005, "weighted": 80.59492233310111}}, "SVC": {"accuracy": {"value": 84.67824310520939}, "precision": {"macro": 84.27203795484391, "weighted": 84.77382078764833}, "recall": {"macro": 84.54450744637245, "weighted": 84.67824310520939}, "f1": {"macro": 84.39014745650287, "weighted": 84.70856896296797}}, "RandomForestClassifier": {"accuracy": {"value": 56.58835546475996}, "precision": {"macro": 50.60659973736603, "weighted": 99.11411466959407}, "recall": {"macro": 71.0464432686655, "weighted": 56.58835546475996}, "f1": {"macro": 37.40192604829112, "weighted": 71.56226624550962}}}