{"LogisticRegression": {"accuracy": {"value": 83.9632277834525}, "precision": {"macro": 83.65971957470242, "weighted": 83.98873267494412}, "recall": {"macro": 83.74835421533234, "weighted": 83.9632277834525}, "f1": {"macro": 83.7017596878264, "weighted": 83.97377085182451}}, "KNeighborsClassifier": {"accuracy": {"value": 80.89887640449437}, "precision": {"macro": 80.19655187020798, "weighted": 81.28840093611541}, "recall": {"macro": 80.85209518121306, "weighted": 80.89887640449437}, "f1": {"macro": 80.42705463378441, "weighted": 81.001311394188}}, "SVC": {"accuracy": {"value": 85.6996935648621}, "precision": {"macro": 85.23319354428772, "weighted": 85.85650029446694}, "recall": {"macro": 85.65304985211539, "weighted": 85.6996935648621}, "f1": {"macro": 85.40548598688133, "weighted": 85.74202559047083}}, "RandomForestClassifier": {"accuracy": {"value": 59.14198161389172}, "precision": {"macro": 53.66480281272503, "weighted": 94.67460375255291}, "recall": {"macro": 71.02941176470588, "weighted": 59.14198161389172}, "f1": {"macro": 44.32881822420872, "weighted": 70.46451838303557}}}