{"LogisticRegression": {"accuracy": {"value": 0.011862396204033112}, "precision": {"macro": 0.009776671369453023, "weighted": 0.014733437647533964}, "recall": {"macro": 0.014975701779405319, "weighted": 0.011862396204033112}, "f1": {"macro": 0.01132067742142147, "weighted": 0.012308031686744584}}, "KNeighborsClassifier": {"accuracy": {"value": 0.002544529262086386}, "precision": {"macro": 0.007031227155157487, "weighted": 0.00496805041493527}, "recall": {"macro": 0.001868037845185126, "weighted": 0.002544529262086386}, "f1": {"macro": 0.005043687093802601, "weighted": 0.0010514090147799688}}, "SVC": {"accuracy": {"value": 0.008443908323281055}, "precision": {"macro": 0.011154060751680293, "weighted": 0.005682775596823727}, "recall": {"macro": 0.006419016216801831, "weighted": 0.008443908323281055}, "f1": {"macro": 0.00962722937256238, "weighted": 0.007858311189173853}}, "RandomForestClassifier": {"accuracy": {"value": 0.0036101083032491666}, "precision": {"macro": 0.004597701149425084, "weighted": 0.001995965094485957}, "recall": {"macro": 0.0007417134797306418, "weighted": 0.0036101083032491666}, "f1": {"macro": 0.013436805204826076, "weighted": 0.0005853948682852911}}}