{"LogisticRegression": {"accuracy": {"value": 85.08682328907048}, "precision": {"macro": 84.5859279027407, "weighted": 85.2720283058647}, "recall": {"macro": 85.04644414683563, "weighted": 85.08682328907048}, "f1": {"macro": 84.77092567337198, "weighted": 85.13611227875394}}, "KNeighborsClassifier": {"accuracy": {"value": 80.08171603677222}, "precision": {"macro": 79.1150929808955, "weighted": 80.94274161595652}, "recall": {"macro": 80.28455105439869, "weighted": 80.08171603677222}, "f1": {"macro": 79.44732073936032, "weighted": 80.27719830864915}}, "SVC": {"accuracy": {"value": 83.9632277834525}, "precision": {"macro": 83.33206252382767, "weighted": 84.29207018762678}, "recall": {"macro": 84.00181488203266, "weighted": 83.9632277834525}, "f1": {"macro": 83.57770415015476, "weighted": 84.04290266766738}}, "RandomForestClassifier": {"accuracy": {"value": 56.7926455566905}, "precision": {"macro": 50.813953488372086, "weighted": 99.29662446255078}, "recall": {"macro": 78.24074074074075, "weighted": 56.7926455566905}, "f1": {"macro": 37.69650521982857, "weighted": 71.69609087494251}}}