{
    "EMRi": 3470.7688457609624,
    "TMRi": 3424.0,
    "TMRa": 0.9827784156142365,
    "EMRi_norm": 0.7090436865701659,
    "TMRi_norm": 0.6994892747701736
}