{
    "EMRi": 4166.128498467822,
    "TMRi": 4071.0,
    "TMRa": 1.0,
    "EMRi_norm": 0.8510987739464397,
    "TMRi_norm": 0.8316649642492339
}