{"LogisticRegression": {"accuracy": {"value": 85.39325842696628}, "precision": {"macro": 84.79860442326863, "weighted": 85.80451446690674}, "recall": {"macro": 85.59977530031976, "weighted": 85.39325842696628}, "f1": {"macro": 85.07025130504798, "weighted": 85.4762533124592}}, "KNeighborsClassifier": {"accuracy": {"value": 79.06026557711951}, "precision": {"macro": 78.52463378782502, "weighted": 79.31056080576178}, "recall": {"macro": 78.92785545389123, "weighted": 79.06026557711951}, "f1": {"macro": 78.67254257893322, "weighted": 79.13369796313965}}, "SVC": {"accuracy": {"value": 85.08682328907048}, "precision": {"macro": 84.45456772602091, "weighted": 85.55953772873372}, "recall": {"macro": 85.33209453020774, "weighted": 85.08682328907048}, "f1": {"macro": 84.7428354283372, "weighted": 85.18042542804552}}, "RandomForestClassifier": {"accuracy": {"value": 55.87334014300307}, "precision": {"macro": 50.45871559633027, "weighted": 99.59516825819269}, "recall": {"macro": 77.84615384615385, "weighted": 55.87334014300307}, "f1": {"macro": 36.6798418972332, "weighted": 71.25662630658856}}}