{
    "EMRi": 4073.1454545454453,
    "TMRi": 4010.0,
    "TMRa": 0.9893905748828029,
    "EMRi_norm": 0.8321032593555557,
    "TMRi_norm": 0.8192032686414709
}