{"LogisticRegression": {"accuracy": {"value": 85.49540347293157}, "precision": {"macro": 84.97543101622401, "weighted": 85.70514026219176}, "recall": {"macro": 85.4914072507501, "weighted": 85.49540347293157}, "f1": {"macro": 85.17919129374238, "weighted": 85.54847404845982}}, "KNeighborsClassifier": {"accuracy": {"value": 79.36670071501533}, "precision": {"macro": 78.85563604015758, "weighted": 79.50412987127959}, "recall": {"macro": 79.12209824291394, "weighted": 79.36670071501533}, "f1": {"macro": 78.96674806640176, "weighted": 79.41410251040655}}, "SVC": {"accuracy": {"value": 85.18896833503575}, "precision": {"macro": 84.72741136103699, "weighted": 85.33635627631267}, "recall": {"macro": 85.11745656420273, "weighted": 85.18896833503575}, "f1": {"macro": 84.88871052387863, "weighted": 85.23030817860088}}, "RandomForestClassifier": {"accuracy": {"value": 56.281920326864146}, "precision": {"macro": 50.25776252806371, "weighted": 99.41286523928407}, "recall": {"macro": 65.60256410256412, "weighted": 56.281920326864146}, "f1": {"macro": 36.64924948897517, "weighted": 71.627824504737}}}