{"LogisticRegression": {"accuracy": {"value": 0.007117437722419735}, "precision": {"macro": 0.0052168695311510475, "weighted": 0.00972909171133237}, "recall": {"macro": 0.00982205339863735, "weighted": 0.007117437722419735}, "f1": {"macro": 0.00655909467623361, "weighted": 0.007524087516914553}}, "KNeighborsClassifier": {"accuracy": {"value": 0.011450381679389178}, "precision": {"macro": 0.010287655610759778, "weighted": 0.01289345033841948}, "recall": {"macro": 0.012638169165186418, "weighted": 0.011450381679389178}, "f1": {"macro": 0.011062125605265653, "weighted": 0.011791548801731314}}, "SVC": {"accuracy": {"value": 0.006031363088058016}, "precision": {"macro": 0.005403612126208238, "weighted": 0.006635721776342304}, "recall": {"macro": 0.006776893439159306, "weighted": 0.006031363088058016}, "f1": {"macro": 0.005907835006838083, "weighted": 0.006159225943965528}}, "RandomForestClassifier": {"accuracy": {"value": 0.0}, "precision": {"macro": 0.0, "weighted": 0.0}, "recall": {"macro": 0.0, "weighted": 0.0}, "f1": {"macro": 0.0, "weighted": 0.0}}}