{"overall": {"accuracy": {"value": 0.006149795622466732}, "precision": {"macro": 0.0052270343170297655, "weighted": 0.007314565956523539}, "recall": {"macro": 0.007309279000745768, "weighted": 0.006149795622466732}, "f1": {"macro": 0.005882263822084336, "weighted": 0.006368715565652849}}}