{"Cramers_V_Original": [[0.999464400974055, 0.13958066903335697, 0.12563348134925456, 0.07097427838238192, 0.10322387787794561, 0.08590938483843316, 0.07815351045606596, 0.12626232057267298], [0.13958066903335697, 0.9995843861805089, 0.16864378326347898, 0.07360385087968675, 0.23730399756000536, 0.022825432277515566, 0.07654449243256341, 0.035666840541904686], [0.12563348134925456, 0.16864378326347898, 1.0, 0.2618527635672315, 0.17916134230186, 0.0667550745480589, 0.0933744955977045, 0.12598546045240933], [0.07097427838238192, 0.07360385087968675, 0.2618527635672315, 0.999549790064445, 0.29361448100772514, 0.0741951573213806, 0.11419805355243587, 0.16950873883828904], [0.10322387787794561, 0.23730399756000536, 0.17916134230186, 0.29361448100772514, 0.9999999999999999, 0.02938493147545624, 0.17496224465321222, 0.1369815861947254], [0.08590938483843316, 0.022825432277515566, 0.0667550745480589, 0.0741951573213806, 0.02938493147545624, 1.0, 0.08325370195577882, 0.030719687143812544], [0.07815351045606596, 0.07654449243256341, 0.0933744955977045, 0.11419805355243587, 0.17496224465321222, 0.08325370195577882, 0.9983031810983065, 0.05978538612376444], [0.12626232057267298, 0.035666840541904686, 0.12598546045240933, 0.16950873883828904, 0.1369815861947254, 0.030719687143812544, 0.05978538612376444, 1.0]], "Cramers_V_Released": [[0.9990896869903991, 0.0029458199466845837, 0.03409022477954088, 0.027999498383452066, 0.05184475298947781, 0.06414739021290677, 0.020390221248985128, 0.052883020966927145], [0.0029458199466845837, 0.9994882618254362, 0.11746945969602353, 0.07198137575715184, 0.11090106391336937, 0.08183990091087903, 0.07681472474933974, 0.10906218776114951], [0.03409022477954088, 0.11746945969602353, 1.0, 0.08935489740911562, 0.09514532156222426, 0.09308620633311018, 0.048778233913026055, 0.07988024937238337], [0.027999498383452066, 0.07198137575715184, 0.08935489740911562, 0.9992250116716872, 0.011163565445140031, 0.07735558019382953, 0.0827440219422795, 0.05773229175978716], [0.05184475298947781, 0.11090106391336937, 0.09514532156222426, 0.011163565445140031, 1.0, 0.061897820739691696, 0.06256144816237888, 0.08532147678624753], [0.06414739021290677, 0.08183990091087903, 0.09308620633311018, 0.07735558019382953, 0.061897820739691696, 1.0, 0.10793132409171556, 0.05834748955223264], [0.020390221248985128, 0.07681472474933974, 0.048778233913026055, 0.0827440219422795, 0.06256144816237888, 0.10793132409171556, 0.9976603061717622, 0.06306827222979941], [0.052883020966927145, 0.10906218776114951, 0.07988024937238337, 0.05773229175978716, 0.08532147678624753, 0.05834748955223264, 0.06306827222979941, 1.0]], "Theils_U_Original": [[1.0, 0.01729268892691641, 0.01455986501372267, 0.004758777160554301, 0.010278165037295894, 0.009159890879807824, 0.005218759523511446, 0.014499239342648412], [0.014380843894743523, 1.0, 0.021228153388917287, 0.0041400803256596026, 0.04699963239378629, 0.0026266581993919123, 0.004476764706400772, 0.0018310476313965181], [0.006110658831782964, 0.010713245635676596, 1.0, 0.02724692695834399, 0.03241932779693513, 0.008174953377425105, 0.0038258222621290433, 0.0190132957932561], [0.004193183122741999, 0.004386674247510938, 0.0572051725182077, 1.0, 0.06788064768520219, 0.006688416392730953, 0.009851535380628008, 0.023921132783815066], [0.005553434062660819, 0.030536457323134, 0.04173681939857934, 0.041623974781511835, 1.0, 0.010019614216836862, 0.014148545069056119, 0.03836581277047361], [0.001923050590725723, 0.0006631047356799136, 0.004089356808435093, 0.001593585067645078, 0.0038931880086813964, 1.0, 0.0016913151631400038, 0.004466125777176214], [0.012446230646551452, 0.012838461574180789, 0.021740256362372416, 0.026664044183162424, 0.06245055598667643, 0.01921297830470753, 1.0, 0.0063436843984186735], [0.005998393272475471, 0.0009108933175702522, 0.018742021566927978, 0.011231118209199585, 0.02937569073208688, 0.008800761609359213, 0.001100425703696775, 1.0]], "Theils_U_Released": [[1.0, 0.0003106352641729476, 0.0021333724516617754, 0.0012889652208913647, 0.0044123082837963425, 0.00864085493552143, 0.0009116504427499579, 0.00474701113621404], [0.0002034071976460667, 1.0, 0.011064709639106957, 0.004099327897428008, 0.010549231939984314, 0.007751738592585251, 0.004604768318789593, 0.010068555310101122], [0.0006918440144969718, 0.005479815883289021, 1.0, 0.0034279156724843413, 0.010877847706257512, 0.013786653097487424, 0.0012128922429601077, 0.008843017631818004], [0.0011436669418244344, 0.005554634235691958, 0.009378793913274, 1.0, 0.0015420919462272925, 0.010033542768169423, 0.006540233074429461, 0.004705803875069172], [0.0018144488621984727, 0.006624973800204796, 0.0137936865605447, 0.0007147115238290187, 1.0, 0.014264772086656807, 0.0011097958364828155, 0.01661744556121938], [0.001493031042032726, 0.0020454820935407753, 0.007345637048776898, 0.0019539257704078317, 0.005993742433046687, 1.0, 0.0023835213308024883, 0.008120899539542599], [0.0018743670521632933, 0.0144583428384579, 0.007689657695219327, 0.015155181831316842, 0.0055486905049967295, 0.02836176237763819, 1.0, 0.012185983400114866], [0.0016242328749028973, 0.00526113742463435, 0.009330115748908139, 0.0018146944057972913, 0.013826537201782627, 0.016081259524547763, 0.0020279737712670808, 1.0]], "Correlations_Original": [[1.0, 0.1440751498305196, -0.29363584253038744, 0.21381050902250628, 0.00013582227639250506], [0.1440751498305196, 1.0, 0.4957238983934356, 0.8183561291215535, 0.14441501205489918], [-0.29363584253038744, 0.4957238983934356, 1.0, -0.0709879687581695, 0.15531278471428198], [0.21381050902250628, 0.8183561291215535, -0.0709879687581695, 1.0, 0.030917782185665835], [0.00013582227639250506, 0.14441501205489918, 0.15531278471428198, 0.030917782185665835, 1.0]], "Correlations_Released": [[1.0, 0.009338766985936749, 0.014348334464718265, -0.034154487626497025, 0.013605197628363949], [0.009338766985936749, 1.0, -0.0021494481214856193, 0.012616526156253945, -0.009418667727285366], [0.014348334464718265, -0.0021494481214856193, 1.0, -0.0070778671474887095, 0.03587266276913382], [-0.034154487626497025, 0.012616526156253945, -0.0070778671474887095, 1.0, -0.012474122508460703], [0.013605197628363949, -0.009418667727285366, 0.03587266276913382, -0.012474122508460703, 1.0]], "Correlation_Ratio_Original": [[0.04479563559238358, 0.011464940355896467, 0.04483096384009284, 0.036188449645219174, 0.007858567745239855], [0.05697598771778741, 0.4328837322479556, 0.3448381881081774, 0.06890963964520874, 0.14825814358198006], [0.4000992602484143, 0.05896054297320975, 0.12448728631278808, 0.05397161456628526, 0.297665668897548], [0.3385729852732644, 0.023892242925828356, 0.10697673067534824, 0.08305455695294006, 0.053208836910577886], [0.6743652364002573, 0.17199328045242837, 0.18293252782716837, 0.1738338096883848, 0.20513632204590576], [0.07683345692890883, 0.07147849835841755, 0.08523125812859236, 0.06752313308817205, 0.13022008974140972], [0.19000609661291798, 0.002319526248381274, 0.07921976495246796, 0.04073206996912047, 0.03306871364825257], [0.17843997774524645, 0.05639989469262804, 0.054692658768424655, 0.04235103428016885, 0.11579942791568226]],