{"LogisticRegression": {"accuracy": {"value": 59.652706843718086}, "precision": {"macro": 54.55129192993271, "weighted": 75.77976044213635}, "recall": {"macro": 57.84047668210377, "weighted": 59.652706843718086}, "f1": {"macro": 51.56749215032795, "weighted": 64.60490084341954}}, "KNeighborsClassifier": {"accuracy": {"value": 57.507660878447396}, "precision": {"macro": 53.860593140528415, "weighted": 64.75473741573155}, "recall": {"macro": 54.84818673461708, "weighted": 57.507660878447396}, "f1": {"macro": 52.80615555761564, "weighted": 59.85080592507551}}, "SVC": {"accuracy": {"value": 59.34627170582226}, "precision": {"macro": 51.931259738703105, "weighted": 96.0864600332256}, "recall": {"macro": 66.94269190325971, "weighted": 59.34627170582226}, "f1": {"macro": 41.66337285902503, "weighted": 71.94410687682438}}, "RandomForestClassifier": {"accuracy": {"value": 57.91624106230848}, "precision": {"macro": 50.0, "weighted": 100.0}, "recall": {"macro": 78.95812053115424, "weighted": 57.91624106230848}, "f1": {"macro": 36.67529107373868, "weighted": 73.35058214747735}}}