{"LogisticRegression": {"accuracy": {"value": 85.39325842696628}, "precision": {"macro": 84.70253077858257, "weighted": 85.56259810850553}, "recall": {"macro": 85.200696488897, "weighted": 85.39325842696628}, "f1": {"macro": 84.91679819859615, "weighted": 85.44528569328257}}, "KNeighborsClassifier": {"accuracy": {"value": 80.18386108273748}, "precision": {"macro": 79.50848444375953, "weighted": 80.27100645550884}, "recall": {"macro": 79.71839243988032, "weighted": 80.18386108273748}, "f1": {"macro": 79.6045171045171, "weighted": 80.21897283899328}}, "SVC": {"accuracy": {"value": 84.98467824310521}, "precision": {"macro": 84.2502696871629, "weighted": 85.183679271167}, "recall": {"macro": 84.80087687248812, "weighted": 84.98467824310521}, "f1": {"macro": 84.48318804483188, "weighted": 85.04451514176282}}, "RandomForestClassifier": {"accuracy": {"value": 58.93769152196119}, "precision": {"macro": 51.213592233009706, "weighted": 99.00334202723208}, "recall": {"macro": 79.25696594427245, "weighted": 58.93769152196119}, "f1": {"macro": 39.28373074644549, "weighted": 73.12241725222563}}}