{"LogisticRegression": {"accuracy": {"value": 0.30143540669856445}, "precision": {"macro": 0.3559662098818155, "weighted": 0.11433544425524747}, "recall": {"macro": 0.321126715323961, "weighted": 0.30143540669856445}, "f1": {"macro": 0.3927291979411859, "weighted": 0.2439032730801839}}, "KNeighborsClassifier": {"accuracy": {"value": 0.2828025477707006}, "precision": {"macro": 0.322580558322341, "weighted": 0.1932985485659428}, "recall": {"macro": 0.3119757554571754, "weighted": 0.2828025477707006}, "f1": {"macro": 0.33664372979885593, "weighted": 0.2539071019370756}}, "SVC": {"accuracy": {"value": 0.30168269230769235}, "precision": {"macro": 0.3836071987480439, "weighted": 0.1279914281156084}, "recall": {"macro": 0.21058962628512773, "weighted": 0.30168269230769235}, "f1": {"macro": 0.5068442157164342, "weighted": 0.1540417773339179}}, "RandomForestClassifier": {"accuracy": {"value": 0.017331022530329376}, "precision": {"macro": 0.023696682464454923, "weighted": 0.010066912412853471}, "recall": {"macro": 0.0037705886108274807, "weighted": 0.017331022530329376}, "f1": {"macro": 0.06639999875630027, "weighted": 0.0031203139040754065}}}