{"overall": {"accuracy": {"value": 0.22581291732682168}, "precision": {"macro": 0.27146266235416383, "weighted": 0.11142308333741303}, "recall": {"macro": 0.21186567141927287, "weighted": 0.22581291732682168}, "f1": {"macro": 0.32565428555319403, "weighted": 0.1637431165638132}}}