{
    "EMRi": 970.3561287027281,
    "TMRi": 852.0,
    "TMRa": 0.5486155827430779,
    "EMRi_norm": 0.19823414273804457,
    "TMRi_norm": 0.17405515832482124
}