{"LogisticRegression": {"accuracy": {"value": 86.21041879468847}, "precision": {"macro": 85.8902020587114, "weighted": 86.25885493962616}, "recall": {"macro": 86.06620182361505, "weighted": 86.21041879468847}, "f1": {"macro": 85.97059413602362, "weighted": 86.22728146600083}}, "KNeighborsClassifier": {"accuracy": {"value": 80.18386108273748}, "precision": {"macro": 79.73545982123946, "weighted": 80.27429495060264}, "recall": {"macro": 79.93479688526128, "weighted": 80.18386108273748}, "f1": {"macro": 79.82258201597826, "weighted": 80.21695534839483}}, "SVC": {"accuracy": {"value": 85.49540347293157}, "precision": {"macro": 85.0762485703393, "weighted": 85.60811739631772}, "recall": {"macro": 85.4001539053482, "weighted": 85.49540347293157}, "f1": {"macro": 85.21424864073788, "weighted": 85.52872552711747}}, "RandomForestClassifier": {"accuracy": {"value": 57.507660878447396}, "precision": {"macro": 51.70352014233066, "weighted": 97.5025802365627}, "recall": {"macro": 70.96715328467154, "weighted": 57.507660878447396}, "f1": {"macro": 39.98467432950192, "weighted": 71.08880357233708}}}