{"Cramers_V_Original": [[0.999464400974055, 0.13958066903335697, 0.12563348134925456, 0.07097427838238192, 0.10322387787794561, 0.08590938483843316, 0.07815351045606596, 0.12626232057267298], [0.13958066903335697, 0.9995843861805089, 0.16864378326347898, 0.07360385087968675, 0.23730399756000536, 0.022825432277515566, 0.07654449243256341, 0.035666840541904686], [0.12563348134925456, 0.16864378326347898, 1.0, 0.2618527635672315, 0.17916134230186, 0.0667550745480589, 0.0933744955977045, 0.12598546045240933], [0.07097427838238192, 0.07360385087968675, 0.2618527635672315, 0.999549790064445, 0.29361448100772514, 0.0741951573213806, 0.11419805355243587, 0.16950873883828904], [0.10322387787794561, 0.23730399756000536, 0.17916134230186, 0.29361448100772514, 0.9999999999999999, 0.02938493147545624, 0.17496224465321222, 0.1369815861947254], [0.08590938483843316, 0.022825432277515566, 0.0667550745480589, 0.0741951573213806, 0.02938493147545624, 1.0, 0.08325370195577882, 0.030719687143812544], [0.07815351045606596, 0.07654449243256341, 0.0933744955977045, 0.11419805355243587, 0.17496224465321222, 0.08325370195577882, 0.9983031810983065, 0.05978538612376444], [0.12626232057267298, 0.035666840541904686, 0.12598546045240933, 0.16950873883828904, 0.1369815861947254, 0.030719687143812544, 0.05978538612376444, 1.0]], "Cramers_V_Released": [[0.999464400974055, 0.06009603236384912, 0.12563348134925456, 0.07097427838238192, 0.10322387787794561, 0.08590938483843316, 0.07815351045606596, 0.12626232057267298], [0.06009603236384912, 0.9995854149562035, 0.08287413734186433, 0.06879043043740977, 0.1536738394090701, 0.03706936516226181, 0.07551718944287598, 0.04204386090072134], [0.12563348134925456, 0.08287413734186433, 1.0, 0.2618527635672315, 0.17916134230186, 0.0667550745480589, 0.0933744955977045, 0.12598546045240933], [0.07097427838238192, 0.06879043043740977, 0.2618527635672315, 0.999549790064445, 0.29361448100772514, 0.0741951573213806, 0.11419805355243587, 0.16950873883828904], [0.10322387787794561, 0.1536738394090701, 0.17916134230186, 0.29361448100772514, 0.9999999999999999, 0.02938493147545624, 0.17496224465321222, 0.1369815861947254], [0.08590938483843316, 0.03706936516226181, 0.0667550745480589, 0.0741951573213806, 0.02938493147545624, 1.0, 0.08325370195577882, 0.030719687143812544], [0.07815351045606596, 0.07551718944287598, 0.0933744955977045, 0.11419805355243587, 0.17496224465321222, 0.08325370195577882, 0.9983031810983065, 0.05978538612376444], [0.12626232057267298, 0.04204386090072134, 0.12598546045240933, 0.16950873883828904, 0.1369815861947254, 0.030719687143812544, 0.05978538612376444, 1.0]], "Theils_U_Original": [[1.0, 0.01729268892691641, 0.01455986501372267, 0.004758777160554301, 0.010278165037295894, 0.009159890879807824, 0.005218759523511446, 0.014499239342648412], [0.014380843894743523, 1.0, 0.021228153388917287, 0.0041400803256596026, 0.04699963239378629, 0.0026266581993919123, 0.004476764706400772, 0.0018310476313965181], [0.006110658831782964, 0.010713245635676596, 1.0, 0.02724692695834399, 0.03241932779693513, 0.008174953377425105, 0.0038258222621290433, 0.0190132957932561], [0.004193183122741999, 0.004386674247510938, 0.0572051725182077, 1.0, 0.06788064768520219, 0.006688416392730953, 0.009851535380628008, 0.023921132783815066], [0.005553434062660819, 0.030536457323134, 0.04173681939857934, 0.041623974781511835, 1.0, 0.010019614216836862, 0.014148545069056119, 0.03836581277047361], [0.001923050590725723, 0.0006631047356799136, 0.004089356808435093, 0.001593585067645078, 0.0038931880086813964, 1.0, 0.0016913151631400038, 0.004466125777176214], [0.012446230646551452, 0.012838461574180789, 0.021740256362372416, 0.026664044183162424, 0.06245055598667643, 0.01921297830470753, 1.0, 0.0063436843984186735], [0.005998393272475471, 0.0009108933175702522, 0.018742021566927978, 0.011231118209199585, 0.02937569073208688, 0.008800761609359213, 0.001100425703696775, 1.0]], "Theils_U_Released": [[1.0, 0.003387235439965413, 0.01455986501372267, 0.004758777160554301, 0.010278165037295894, 0.009159890879807824, 0.005218759523511446, 0.014499239342648412], [0.0028118370087511515, 1.0, 0.005472513870539755, 0.003632983785223824, 0.018809324337174013, 0.003243412208194846, 0.004362480731884905, 0.0021970738862813043], [0.006110658831782964, 0.0027667683649000734, 1.0, 0.02724692695834399, 0.03241932779693513, 0.008174953377425105, 0.0038258222621290433, 0.0190132957932561], [0.004193183122741999, 0.003856267586774024, 0.0572051725182077, 1.0, 0.06788064768520219, 0.006688416392730953, 0.009851535380628008, 0.023921132783815066], [0.005553434062660819, 0.012242622830407468, 0.04173681939857934, 0.041623974781511835, 1.0, 0.010019614216836862, 0.014148545069056119, 0.03836581277047361], [0.001923050590725723, 0.0008202718326724465, 0.004089356808435093, 0.001593585067645078, 0.0038931880086813964, 1.0, 0.0016913151631400038, 0.004466125777176214], [0.012446230646551452, 0.012533123615332537, 0.021740256362372416, 0.026664044183162424, 0.06245055598667643, 0.01921297830470753, 1.0, 0.0063436843984186735], [0.005998393272475471, 0.001094938234278511, 0.018742021566927978, 0.011231118209199585, 0.02937569073208688, 0.008800761609359213, 0.001100425703696775, 1.0]], "Correlations_Original": [[1.0, 0.1440751498305196, -0.29363584253038744, 0.21381050902250628, 0.00013582227639250506], [0.1440751498305196, 1.0, 0.4957238983934356, 0.8183561291215535, 0.14441501205489918], [-0.29363584253038744, 0.4957238983934356, 1.0, -0.0709879687581695, 0.15531278471428198], [0.21381050902250628, 0.8183561291215535, -0.0709879687581695, 1.0, 0.030917782185665835], [0.00013582227639250506, 0.14441501205489918, 0.15531278471428198, 0.030917782185665835, 1.0]], "Correlations_Released": [[1.0, 0.15076704758899337, -0.29363584253038744, 0.3589244211875958, 0.00013582227639250506], [0.15076704758899337, 1.0, 0.4999831743059948, 0.8230401330969909, 0.11376370806548632], [-0.29363584253038744, 0.4999831743059948, 1.0, -0.0548536728119951, 0.15531278471428198], [0.3589244211875958, 0.8230401330969909, -0.0548536728119951, 1.0, 0.027840378637133376], [0.00013582227639250506, 0.11376370806548632, 0.15531278471428198, 0.027840378637133376, 1.0]], "Correlation_Ratio_Original": [[0.04479563559238358, 0.011464940355896467, 0.04483096384009284, 0.036188449645219174, 0.007858567745239855], [0.05697598771778741, 0.4328837322479556, 0.3448381881081774, 0.06890963964520874, 0.14825814358198006], [0.4000992602484143, 0.05896054297320975, 0.12448728631278808, 0.05397161456628526, 0.297665668897548], [0.3385729852732644, 0.023892242925828356, 0.10697673067534824, 0.08305455695294006, 0.053208836910577886], [0.6743652364002573, 0.17199328045242837, 0.18293252782716837, 0.1738338096883848, 0.20513632204590576], [0.07683345692890883, 0.07147849835841755, 0.08523125812859236, 0.06752313308817205, 0.13022008974140972], [0.19000609661291798, 0.002319526248381274, 0.07921976495246796, 0.04073206996912047, 0.03306871364825257], [0.17843997774524645, 0.05639989469262804, 0.054692658768424655, 0.04235103428016885, 0.11579942791568226]], "Correlation_Ratio_Released": [[0.04479563559238358, 0.05283774107007252, 0.04483096384009284, 0.009101260027010748, 0.007858567745239855], [0.050396764510156684, 0.41392238312728863, 0.34927546834370293, 0.09271058960909061, 0.10060699835295002], [0.4000992602484143, 0.024422067250883823, 0.12448728631278808, 0.08832704258771548, 0.297665668897548], [0.3385729852732644, 0.007084668589331879, 0.10697673067534824, 0.09067786572627215, 0.053208836910577886], [0.6743652364002573, 0.12330703688215625, 0.18293252782716837, 0.2215702417173061, 0.20513632204590576], [0.07683345692890883, 0.06154575852381567, 0.08523125812859236, 0.07891997472183314, 0.13022008974140972], [0.19000609661291798, 0.012713730258579638, 0.07921976495246796, 0.04340636946136806, 0.03306871364825257], [0.17843997774524645, 0.045595648358025376, 0.054692658768424655, 0.09173548476663825, 0.11579942791568226]]}