{"LogisticRegression": {"accuracy": {"value": 0.0011862396204035091}, "precision": {"macro": 0.005492094111929666, "weighted": 0.0033312544885208883}, "recall": {"macro": 0.003164671935636278, "weighted": 0.0011862396204035091}, "f1": {"macro": 0.0026709994837403996, "weighted": 0.0003509800236551956}}, "KNeighborsClassifier": {"accuracy": {"value": 0.0025412960609913302}, "precision": {"macro": 0.0005607943612260056, "weighted": 0.006053728122892964}, "recall": {"macro": 0.004686739424153412, "weighted": 0.0025412960609913302}, "f1": {"macro": 0.0010967290813367896, "weighted": 0.003385274828393059}}, "SVC": {"accuracy": {"value": 0.009650180940892827}, "precision": {"macro": 0.009543030345680244, "weighted": 0.009841441625702316}, "recall": {"macro": 0.010120662888934585, "weighted": 0.009650180940892827}, "f1": {"macro": 0.009765372014070368, "weighted": 0.009682096795992943}}, "RandomForestClassifier": {"accuracy": {"value": 0.016245487364620996}, "precision": {"macro": 0.02218453614722679, "weighted": 0.020027427755236485}, "recall": {"macro": 0.09229143402140408, "weighted": 0.016245487364620996}, "f1": {"macro": 0.07495218385207443, "weighted": 0.009050735060870719}}}