{"LogisticRegression": {"accuracy": {"value": 86.10827374872318}, "precision": {"macro": 85.42106154954038, "weighted": 86.54716557341135}, "recall": {"macro": 86.33943781942078, "weighted": 86.10827374872318}, "f1": {"macro": 85.74157842431718, "weighted": 86.19702803106348}}, "KNeighborsClassifier": {"accuracy": {"value": 80.38815117466804}, "precision": {"macro": 79.69076968695725, "weighted": 80.76321348738644}, "recall": {"macro": 80.31119452685112, "weighted": 80.38815117466804}, "f1": {"macro": 79.91022188021036, "weighted": 80.48943420395709}}, "SVC": {"accuracy": {"value": 84.67824310520939}, "precision": {"macro": 84.27203795484391, "weighted": 84.77382078764833}, "recall": {"macro": 84.54450744637245, "weighted": 84.67824310520939}, "f1": {"macro": 84.39014745650287, "weighted": 84.70856896296797}}, "RandomForestClassifier": {"accuracy": {"value": 56.58835546475996}, "precision": {"macro": 50.58139534883721, "weighted": 99.49521343563674}, "recall": {"macro": 78.18275154004107, "weighted": 56.58835546475996}, "f1": {"macro": 37.196700402261115, "weighted": 71.73808598233718}}}