{"overall": {"accuracy": {"value": 0.004904992907068715}, "precision": {"macro": 0.004499422991822395, "weighted": 0.005294280426215417}, "recall": {"macro": 0.0348745161040453, "weighted": 0.004904992907068715}, "f1": {"macro": 0.005789464764156894, "weighted": 0.0046078358150385655}}}