{"LogisticRegression": {"accuracy": {"value": 0.002392344497607535}, "precision": {"macro": 0.0013722921512858348, "weighted": 0.003972620484789847}, "recall": {"macro": 0.0038548878120799705, "weighted": 0.002392344497607535}, "f1": {"macro": 0.002030447809764209, "weighted": 0.002633924922012336}}, "KNeighborsClassifier": {"accuracy": {"value": 0.005167958656330668}, "precision": {"macro": 0.0038272132884717928, "weighted": 0.007305268859143373}, "recall": {"macro": 0.006530076160723431, "weighted": 0.005167958656330668}, "f1": {"macro": 0.004513383149833116, "weighted": 0.005609495924633864}}, "SVC": {"accuracy": {"value": 0.008403361344537808}, "precision": {"macro": 0.008702414920140301, "weighted": 0.008040176186865033}, "recall": {"macro": 0.008502037242688037, "weighted": 0.008403361344537808}, "f1": {"macro": 0.00869152138029832, "weighted": 0.008304248905569616}}, "RandomForestClassifier": {"accuracy": {"value": 0.0036563071297988454}, "precision": {"macro": 0.004095771607391653, "weighted": 0.0018590561740634125}, "recall": {"macro": 0.12061106320068976, "weighted": 0.0036563071297988454}, "f1": {"macro": 0.007922506716731934, "weighted": 0.0018836735079384443}}}