{"LogisticRegression": {"accuracy": {"value": 85.18896833503575}, "precision": {"macro": 84.68223596397858, "weighted": 85.46364569504806}, "recall": {"macro": 85.26979776979778, "weighted": 85.18896833503575}, "f1": {"macro": 84.89752059960955, "weighted": 85.25111527861928}}, "KNeighborsClassifier": {"accuracy": {"value": 79.46884576098059}, "precision": {"macro": 78.82516430973017, "weighted": 79.88994577581731}, "recall": {"macro": 79.4432603612077, "weighted": 79.46884576098059}, "f1": {"macro": 79.0276219069635, "weighted": 79.57759811936509}}, "SVC": {"accuracy": {"value": 84.37180796731359}, "precision": {"macro": 83.71960903576799, "weighted": 84.87162397092797}, "recall": {"macro": 84.60659788451534, "weighted": 84.37180796731359}, "f1": {"macro": 84.0062912623847, "weighted": 84.47306597340872}}, "RandomForestClassifier": {"accuracy": {"value": 56.07763023493361}, "precision": {"macro": 50.68807339449541, "weighted": 99.39556371882937}, "recall": {"macro": 77.90339157245631, "weighted": 56.07763023493361}, "f1": {"macro": 37.17540801585501, "weighted": 71.21348787777121}}}