{"LogisticRegression": {"accuracy": {"value": 85.39325842696628}, "precision": {"macro": 84.79860442326863, "weighted": 85.80451446690674}, "recall": {"macro": 85.59977530031976, "weighted": 85.39325842696628}, "f1": {"macro": 85.07025130504798, "weighted": 85.4762533124592}}, "KNeighborsClassifier": {"accuracy": {"value": 79.16241062308478}, "precision": {"macro": 78.61671481913257, "weighted": 79.42760858388398}, "recall": {"macro": 79.04089330875735, "weighted": 79.16241062308478}, "f1": {"macro": 78.77060054084393, "weighted": 79.23900507525217}}, "SVC": {"accuracy": {"value": 85.08682328907048}, "precision": {"macro": 84.45456772602091, "weighted": 85.55953772873372}, "recall": {"macro": 85.33209453020774, "weighted": 85.08682328907048}, "f1": {"macro": 84.7428354283372, "weighted": 85.18042542804552}}, "RandomForestClassifier": {"accuracy": {"value": 56.07763023493361}, "precision": {"macro": 50.68807339449541, "weighted": 99.39556371882937}, "recall": {"macro": 77.90339157245631, "weighted": 56.07763023493361}, "f1": {"macro": 37.17540801585501, "weighted": 71.21348787777121}}}