{"LogisticRegression": {"accuracy": {"value": 84.88253319713994}, "precision": {"macro": 84.20261206008077, "weighted": 85.4417206743475}, "recall": {"macro": 85.19017487744671, "weighted": 84.88253319713994}, "f1": {"macro": 84.51412936599546, "weighted": 84.98988265787077}}, "KNeighborsClassifier": {"accuracy": {"value": 80.28600612870275}, "precision": {"macro": 79.56181256019057, "weighted": 80.86806824918918}, "recall": {"macro": 80.38975588151006, "weighted": 80.28600612870275}, "f1": {"macro": 79.8120821718463, "weighted": 80.42186432966828}}, "SVC": {"accuracy": {"value": 83.75893769152196}, "precision": {"macro": 83.09932924459764, "weighted": 84.26443201533314}, "recall": {"macro": 83.97000173400382, "weighted": 83.75893769152196}, "f1": {"macro": 83.37908699816452, "weighted": 83.86416659981694}}, "RandomForestClassifier": {"accuracy": {"value": 56.38406537282942}, "precision": {"macro": 51.05470795951814, "weighted": 98.7200822075452}, "recall": {"macro": 73.4504132231405, "weighted": 56.38406537282942}, "f1": {"macro": 38.1074210450729, "weighted": 70.98476807827402}}}