{"LogisticRegression": {"accuracy": {"value": 0.005980861244019087}, "precision": {"macro": 0.007028327497148307, "weighted": 0.004228143411954949}, "recall": {"macro": 0.004785064229853473, "weighted": 0.005980861244019087}, "f1": {"macro": 0.006537208137053159, "weighted": 0.005690126037819053}}, "KNeighborsClassifier": {"accuracy": {"value": 0.014193548387096685}, "precision": {"macro": 0.012021587816691657, "weighted": 0.018135503397208794}, "recall": {"macro": 0.017065376114660642, "weighted": 0.014193548387096685}, "f1": {"macro": 0.013221704847385836, "weighted": 0.01492773985858064}}, "SVC": {"accuracy": {"value": 0.015606242496998763}, "precision": {"macro": 0.016046953029465506, "weighted": 0.015136894702571943}, "recall": {"macro": 0.0159622566831726, "weighted": 0.015606242496998763}, "f1": {"macro": 0.016092787352223203, "weighted": 0.015452597490728283}}, "RandomForestClassifier": {"accuracy": {"value": 0.005464480874316917}, "precision": {"macro": 0.007233152504520798, "weighted": 0.006795891949413019}, "recall": {"macro": 0.05716026298000378, "weighted": 0.005464480874316917}, "f1": {"macro": 0.025070687289306642, "weighted": 0.0032117483121984853}}}