{"overall": {"accuracy": {"value": 0.010311283250607864}, "precision": {"macro": 0.010582505211956568, "weighted": 0.011074108365287176}, "recall": {"macro": 0.023743240001922628, "weighted": 0.010311283250607864}, "f1": {"macro": 0.01523059690649221, "weighted": 0.009820552924831616}}}