{
    "EMRi": 4053.6493360571912,
    "TMRi": 3986.0,
    "TMRa": 0.9905566600397614,
    "EMRi_norm": 0.8281203955173015,
    "TMRi_norm": 0.8143003064351378
}