{
    "EMRi": 0.9997957099081082,
    "TMRi": 0.0,
    "TMRa": 0.0,
    "EMRi_norm": 0.0002042483574888883,
    "TMRi_norm": 0.0
}