{"LogisticRegression": {"accuracy": {"value": 85.39325842696628}, "precision": {"macro": 84.70253077858257, "weighted": 85.56259810850553}, "recall": {"macro": 85.200696488897, "weighted": 85.39325842696628}, "f1": {"macro": 84.91679819859615, "weighted": 85.44528569328257}}, "KNeighborsClassifier": {"accuracy": {"value": 79.7752808988764}, "precision": {"macro": 79.05622335233986, "weighted": 79.88661884156593}, "recall": {"macro": 79.30764248704662, "weighted": 79.7752808988764}, "f1": {"macro": 79.16913831790163, "weighted": 79.81883605439556}}, "SVC": {"accuracy": {"value": 84.98467824310521}, "precision": {"macro": 84.2502696871629, "weighted": 85.183679271167}, "recall": {"macro": 84.80087687248812, "weighted": 84.98467824310521}, "f1": {"macro": 84.48318804483188, "weighted": 85.04451514176282}}, "RandomForestClassifier": {"accuracy": {"value": 59.55056179775281}, "precision": {"macro": 51.94174757281553, "weighted": 98.42914803098068}, "recall": {"macro": 79.43925233644859, "weighted": 59.55056179775281}, "f1": {"macro": 40.79714128642111, "weighted": 73.02851918883691}}}