{"overall": {"accuracy": {"value": 0.26432676774496183}, "precision": {"macro": 0.29644598749105994, "weighted": 0.1823493503960407}, "recall": {"macro": 0.38749130337186105, "weighted": 0.26432676774496183}, "f1": {"macro": 0.33764959386543436, "weighted": 0.22004682366546327}}}