{"LogisticRegression": {"accuracy": {"value": 55.975485188968335}, "precision": {"macro": 52.67054502491396, "weighted": 61.561900175950576}, "recall": {"macro": 53.18066871284503, "weighted": 55.975485188968335}, "f1": {"macro": 51.86774578078926, "weighted": 57.85700219061679}}, "KNeighborsClassifier": {"accuracy": {"value": 51.481103166496425}, "precision": {"macro": 50.31656136025068, "weighted": 51.40597143706122}, "recall": {"macro": 50.31554827312527, "weighted": 51.481103166496425}, "f1": {"macro": 50.31471000843002, "weighted": 51.44222339456087}}, "SVC": {"accuracy": {"value": 57.60980592441267}, "precision": {"macro": 50.432141572918276, "weighted": 91.5995196921345}, "recall": {"macro": 52.40185581727337, "weighted": 57.60980592441267}, "f1": {"macro": 40.7710687404604, "weighted": 69.44853494071627}}, "RandomForestClassifier": {"accuracy": {"value": 57.40551583248212}, "precision": {"macro": 49.72496190133731, "weighted": 96.74977274428203}, "recall": {"macro": 45.5567081604426, "weighted": 57.40551583248212}, "f1": {"macro": 37.55241022001202, "weighted": 71.68392693420427}}}