{"LogisticRegression": {"accuracy": {"value": 0.3444976076555023}, "precision": {"macro": 0.37817035051056636, "weighted": 0.2805045482854396}, "recall": {"macro": 0.37581885002811777, "weighted": 0.3444976076555023}, "f1": {"macro": 0.38919334123402294, "weighted": 0.3228766020128678}}, "KNeighborsClassifier": {"accuracy": {"value": 0.3546734955185659}, "precision": {"macro": 0.3635344666542126, "weighted": 0.35651336628714475}, "recall": {"macro": 0.3655649481530944, "weighted": 0.3546734955185659}, "f1": {"macro": 0.36446561024331725, "weighted": 0.35551273436881964}}, "SVC": {"accuracy": {"value": 0.3221153846153846}, "precision": {"macro": 0.4014008292177306, "weighted": 0.07531771902624484}, "recall": {"macro": 0.3820599768553329, "weighted": 0.3221153846153846}, "f1": {"macro": 0.5174061291481471, "weighted": 0.18338607933797044}}, "RandomForestClassifier": {"accuracy": {"value": 0.0360205831903946}, "precision": {"macro": 0.04267830358173023, "weighted": 0.017061767985333702}, "recall": {"macro": 0.426521438450899, "weighted": 0.0360205831903946}, "f1": {"macro": 0.07953329483625025, "weighted": 0.0184118789421952}}}